Time                    ,P                 ,T                  ,Hu ,Ws           ,Wd ,Geopot,Dewp.
0,1006.5,27.2,88,4,210,325,25
2,1004.5,27.2,86,4.1,211,353,24.6
4,1002.4,27.1,84,4.2,213,380,24.2
6,1000.4,27.1,82,4.4,214,408,23.7
8,998.4,27,81,4.5,215,435,23.5
10,996.4,26.8,81,4.6,216,463,23.4
12,994.4,26.7,82,4.8,217,490,23.3
14,992.4,26.6,82,4.9,218,518,23.3
16,990.4,26.5,82,5,219,546,23.2
18,988.4,26.4,82,5.2,220,574,23.1
20,986.4,26.3,82,5.3,221,612,23.1
22,984.4,26.2,83,5.4,222,649,23
24,982.4,26.1,83,5.6,223,687,23
26,980.4,26,83,5.7,223,725,22.9
28,978.4,25.9,83,5.8,224,762,22.9
30,977.1,25.8,84,6,225,800,22.9
32,975.9,25.8,84,6.2,224,837,22.8
34,974.7,25.7,84,6.4,224,875,22.8
36,973.5,25.6,84,6.7,224,912,22.8
38,972.3,25.5,84,6.9,224,950,22.7
40,971,25.5,85,7.1,224,988,22.7
42,969.7,25.4,85,7.3,224,1025,22.6
44,968.7,25.3,85,7.5,224,1063,22.6
46,967.6,25.3,85,7.8,224,1100,22.6
48,966.4,25.2,85,8,223,1138,22.5
50,965.2,25.2,85,8.2,223,1175,22.5
52,963.9,25.1,85,8.4,223,1212,22.5
54,962.6,25.1,85,8.7,223,1249,22.4
56,961.2,25,85,8.9,223,1287,22.4
58,959.9,25,85,9.1,223,1324,22.3
60,958.7,24.9,85,9.3,223,1361,22.3
62,957.4,24.9,85,9.5,223,1399,22.2
64,956.1,24.9,85,9.6,223,1436,22.2
66,954.9,24.9,85,9.8,223,1473,22.1
68,953.6,24.8,84,10,223,1510,22
70,952.4,24.8,84,10.1,223,1548,21.9
72,951.1,24.8,84,10.3,223,1585,21.9
74,949.9,24.8,84,10.4,223,1622,21.8
76,948.9,24.7,83,10.6,223,1660,21.7
78,947.8,24.7,83,10.7,223,1697,21.6
80,946.6,24.7,83,10.9,224,1735,21.6
82,945.4,24.6,83,11,224,1772,21.5
84,944.1,24.6,82,11.2,224,1810,21.4
86,942.9,24.6,82,11.4,224,1847,21.3
88,941.7,24.5,82,11.5,224,1885,21.2
90,940.5,24.4,82,11.7,224,1922,21.2
92,939.1,24.4,82,11.8,224,1960,21.1
94,937.7,24.3,82,11.9,225,1997,21
96,936.3,24.2,82,12,225,2035,20.9
98,935.1,24.1,82,12.2,226,2073,20.9
100,934,24,82,12.3,226,2110,20.8
102,932.9,23.9,82,12.4,227,2148,20.8
104,931.8,23.9,83,12.6,227,2185,20.7
106,930.6,23.8,83,12.7,228,2223,20.7
108,929.5,23.7,83,12.8,228,2258,20.6
110,928.4,23.6,83,13,229,2293,20.6
112,927.1,23.5,83,12.8,229,2329,20.5
114,925.9,23.4,83,12.7,230,2364,20.5
116,924.7,23.4,83,12.5,230,2399,20.4
118,923.6,23.4,83,12.4,231,2434,20.4
120,922.5,23.3,83,12.3,232,2470,20.3
122,921.4,23.3,83,12.1,232,2505,20.3
124,920.3,23.2,83,12,233,2540,20.2
126,919.2,23.2,83,11.9,233,2575,20.2
128,918.2,23.2,83,11.8,234,2611,20.1
130,917.2,23.2,83,11.6,235,2646,20.1
132,916.2,23.2,82,11.3,234,2681,20
134,915.1,23.2,82,11,234,2716,20
136,913.9,23.2,82,10.8,233,2752,19.9
138,912.7,23.2,81,10.5,233,2786,19.8
140,911.5,23.2,81,10.2,232,2820,19.8
142,910.4,23.2,81,9.9,232,2854,19.7
144,909.3,23.1,81,9.6,231,2888,19.6
146,908.3,23,81,9.3,230,2922,19.6
148,907.2,23,81,9,230,2957,19.5
150,906.2,22.9,81,8.8,229,2991,19.4
152,905.1,22.9,81,8.5,229,3025,19.4
154,904,22.8,81,8.3,229,3059,19.3
156,902.9,22.7,81,8,229,3093,19.2
158,901.8,22.7,81,7.8,229,3127,19.2
160,900.8,22.6,81,7.6,229,3161,19.1
162,899.8,22.6,81,7.3,229,3195,19.1
164,898.7,22.5,81,7.1,228,3230,19
166,897.7,22.4,81,6.8,228,3264,19
168,896.7,22.4,81,6.6,228,3298,18.9
170,895.7,22.3,81,6.4,228,3332,18.9
172,894.8,22.3,81,6.5,230,3367,18.8
174,893.7,22.2,81,6.7,232,3401,18.7
176,892.7,22.1,81,6.8,233,3435,18.7
178,891.6,22.1,81,7,235,3469,18.6
180,890.5,22,81,7.1,236,3504,18.5
182,889.4,21.9,81,7.3,238,3538,18.5
184,888.3,21.9,80,7.5,239,3572,18.3
186,887.2,21.9,80,7.6,240,3606,18.2
188,886.1,21.8,79,7.8,241,3641,18
190,884.9,21.8,79,8,243,3675,17.9
192,883.7,21.7,78,7.8,241,3709,17.7
194,882.5,21.7,77,7.5,240,3743,17.6
196,881.4,21.6,77,7.3,239,3778,17.4
198,880.4,21.6,76,7,237,3812,17.3
200,879.4,21.6,76,6.9,235,3846,17.1
202,878.3,21.6,75,6.6,234,3881,17
204,877.3,21.5,75,6.4,232,3915,16.8
206,876.3,21.5,74,6.1,230,3949,16.7
208,875.3,21.5,74,5.9,228,3983,16.6
210,874.4,21.4,73,5.7,226,4018,16.4
212,873.4,21.4,73,5.6,224,4052,16.3
214,872.5,21.3,72,5.5,223,4086,16.2
216,871.5,21.3,72,5.4,222,4120,16
218,870.4,21.2,72,5.3,221,4155,15.9
220,869.3,21.2,71,5.2,220,4189,15.8
222,868.2,21.1,71,5.2,219,4223,15.7
224,867,21.1,71,5.1,218,4257,15.6
226,865.9,21,71,5,216,4292,15.5
228,864.7,21,70,4.9,215,4326,15.4
230,863.5,20.9,70,4.8,213,4362,15.3
232,862.4,20.9,70,4.8,216,4398,15.2
234,861.4,20.8,70,4.9,219,4434,15.1
236,860.4,20.8,70,4.9,222,4469,15
238,859.5,20.7,70,4.9,225,4505,15.1
240,858.7,20.6,71,5,228,4541,15.1
242,857.5,20.5,71,5,231,4577,15.1
244,856.2,20.4,72,5,234,4613,15.2
246,855.1,20.3,72,5.1,237,4648,15.2
248,854,20.2,73,5.1,240,4684,15.2
250,852.8,20.1,74,5.1,242,4720,15.2
252,851.6,20,74,5.2,244,4756,15.3
254,850.4,19.9,75,5.2,245,4792,15.3
256,849.5,19.8,75,5.2,247,4827,15.3
258,848.6,19.7,76,5.2,248,4863,15.3
260,847.5,19.6,76,5.3,249,4898,15.3
262,846.4,19.4,77,5.3,251,4933,15.3
264,845.4,19.4,77,5.3,252,4968,15.3
266,844.3,19.3,77,5.4,253,5003,15.2
268,843.3,19.2,77,5.4,255,5038,15.1
270,842.3,19.2,77,5.5,256,5073,15
272,841.3,19.1,77,5.3,256,5108,14.9
274,840.2,19,77,5.2,256,5143,14.9
276,839.1,18.9,77,5,257,5178,14.8
278,838,18.9,77,4.9,257,5213,14.7
280,837,18.8,77,4.7,257,5248,14.7
282,836.1,18.7,77,4.5,257,5284,14.6
284,835.1,18.6,77,4.4,258,5319,14.6
286,834.2,18.6,77,4.2,258,5354,14.5
288,833.2,18.5,78,4.1,258,5389,14.5
290,832.2,18.4,78,3.9,259,5425,14.4
292,831.1,18.4,77,4.3,258,5461,14.3
294,830,18.3,77,4.6,258,5498,14.2
296,828.9,18.3,76,4.9,258,5534,14
298,827.7,18.2,76,5.2,257,5571,13.9
300,826.6,18.2,75,5.6,257,5607,13.7
302,825.5,18.1,75,5.9,257,5644,13.6
304,824.4,18.1,75,6.2,257,5680,13.5
306,823.4,18,76,6.5,257,5717,13.6
308,822.3,17.9,76,6.9,257,5753,13.7
310,821.2,17.8,77,7.2,256,5790,13.7
312,820.2,17.7,78,6.8,258,5826,13.8
314,818.9,17.6,79,6.5,260,5863,13.9
316,817.7,17.5,79,6.2,261,5899,13.9
318,816.6,17.4,79,5.9,263,5936,13.9
320,815.7,17.4,79,5.6,266,5971,13.7
322,814.7,17.4,78,5.3,268,6005,13.6
324,813.8,17.4,78,5,271,6040,13.5
326,812.8,17.4,77,4.6,275,6074,13.3
328,811.9,17.3,77,4.3,278,6109,13.2
330,811,17.3,76,4,283,6143,13.1
332,810.1,17.3,75,3.7,281,6178,12.9
334,809.2,17.3,75,3.4,280,6212,12.7
336,808.2,17.2,74,3.1,278,6246,12.5
338,806.9,17.2,73,2.8,275,6281,12.4
340,805.7,17.2,72,2.5,272,6315,12.2
342,804.8,17.2,72,2.2,267,6350,12
344,803.9,17.2,71,1.9,261,6384,11.9
346,802.9,17.1,71,1.6,253,6419,11.8
348,801.9,17.1,70,1.3,241,6453,11.7
350,801,17,70,1,224,6488,11.6
352,800.1,17,70,1.5,209,6523,11.5
354,799.1,17,70,2,202,6559,11.4
356,798.1,16.9,69,2.4,197,6595,11.3
358,797.1,16.9,69,2.9,194,6631,11.2
360,796.1,16.8,69,3.4,192,6667,11.1
362,795,16.8,69,3.8,190,6703,11
364,794,16.7,68,4.3,189,6739,10.8
366,793,16.7,68,4.7,188,6774,10.7
368,791.9,16.6,68,5.2,187,6810,10.6
370,790.8,16.6,68,5.7,187,6846,10.5
372,789.7,16.5,67,5.7,185,6882,10.4
374,788.5,16.4,67,5.7,183,6918,10.3
376,787.3,16.3,67,5.7,181,6954,10.2
378,786.2,16.2,67,5.7,179,6990,10.1
380,785,16.2,67,5.7,177,7026,10
382,784.1,16.1,67,5.7,175,7062,9.9
384,783.2,16,67,5.7,173,7098,9.8
386,782.3,15.9,67,5.6,171,7134,9.7
388,781.5,15.8,67,5.6,169,7171,9.7
390,780.5,15.8,67,5.6,167,7207,9.6
392,779.3,15.7,67,5.6,165,7243,9.5
394,778.2,15.6,67,5.6,164,7280,9.5
396,777.2,15.5,67,5.5,163,7316,9.4
398,776.2,15.4,67,5.5,161,7352,9.3
400,775.1,15.4,67,5.5,160,7389,9.3
402,774.1,15.3,67,5.4,159,7425,9.2
404,773.1,15.2,67,5.4,157,7461,9.2
406,772.1,15.1,67,5.4,156,7498,9.1
408,771.1,15,67,5.4,154,7534,9
410,770.2,14.9,68,5.3,153,7570,9
412,769.2,14.8,68,5.4,152,7606,9
414,768.3,14.8,69,5.5,151,7641,9.1
416,767.4,14.7,69,5.6,151,7676,9.1
418,766.5,14.6,70,5.6,150,7710,9.2
420,765.6,14.5,71,5.7,149,7745,9.3
422,764.7,14.4,72,5.8,148,7780,9.4
424,763.8,14.3,72,5.9,148,7815,9.4
426,762.9,14.3,73,5.9,147,7849,9.4
428,761.9,14.2,73,6,146,7884,9.5
430,760.9,14.1,74,6.1,146,7919,9.5
432,759.9,14,74,5.8,148,7953,9.5
434,758.8,14,74,5.5,150,7988,9.5
436,757.8,13.9,75,5.1,152,8023,9.5
438,756.9,13.8,75,4.8,155,8058,9.5
440,756,13.7,75,4.5,158,8092,9.4
442,755,13.6,75,4.2,162,8127,9.4
444,754.2,13.6,75,3.8,166,8161,9.3
446,753.3,13.5,76,3.5,171,8195,9.3
448,752.4,13.4,76,3.2,177,8230,9.2
450,751.6,13.3,76,2.9,185,8264,9.1
452,750.7,13.3,76,2.8,182,8298,9.1
454,749.6,13.2,76,2.7,178,8333,9
456,748.5,13.1,76,2.6,175,8367,8.9
458,747.6,13.1,75,2.6,171,8401,8.8
460,746.8,13,75,2.5,167,8435,8.7
462,745.9,12.9,75,2.4,162,8470,8.7
464,744.9,12.9,75,2.4,158,8504,8.6
466,743.9,12.8,75,2.3,153,8538,8.5
468,742.9,12.7,75,2.2,148,8573,8.4
470,741.9,12.6,75,2.2,143,8607,8.3
472,741,12.6,75,2.3,133,8642,8.2
474,740.1,12.5,75,2.5,122,8677,8.2
476,739.2,12.4,75,2.6,110,8713,8.1
478,738.3,12.3,75,2.7,99,8748,8
480,737.5,12.2,75,2.9,89,8784,7.9
482,736.7,12.2,75,3,81,8820,7.8
484,735.8,12.1,75,3.2,74,8855,7.7
486,734.7,12,75,3.3,68,8891,7.7
488,733.6,12,75,3.4,64,8926,7.6
490,732.6,11.9,75,3.6,60,8962,7.5
492,731.7,11.8,75,3.9,63,8998,7.5
494,730.8,11.8,75,4.2,65,9033,7.4
496,729.9,11.7,75,4.6,67,9069,7.3
498,729,11.6,75,4.9,69,9104,7.3
500,728.1,11.6,75,5.2,70,9140,7.2
502,727.2,11.5,74,5.6,72,9174,7.2
504,726.3,11.5,74,5.9,73,9206,7.1
506,725.4,11.4,74,6.3,74,9239,7
508,724.4,11.4,74,6.6,75,9271,6.9
510,723.4,11.3,73,6.9,76,9303,6.7
512,722.7,11.3,73,7.2,76,9335,6.5
514,721.9,11.2,72,7.4,77,9367,6.4
516,721.1,11.2,71,7.6,77,9400,6.2
518,720.3,11.1,71,7.8,77,9432,6.1
520,719.5,11.1,70,8,78,9464,5.9
522,718.6,11.1,70,8.2,78,9496,5.8
524,717.8,11,69,8.5,79,9529,5.7
526,716.9,11,69,8.7,79,9561,5.5
528,716.1,11,69,8.9,79,9593,5.4
530,715.2,10.9,68,9.1,80,9625,5.3
532,714.4,10.9,68,9.3,79,9658,5.2
534,713.6,10.9,67,9.4,78,9692,5.1
536,712.9,10.8,67,9.5,77,9726,5
538,712.1,10.8,67,9.7,76,9759,4.9
540,711.2,10.7,67,9.8,76,9793,4.9
542,710.3,10.7,67,10,75,9827,4.8
544,709.3,10.7,67,10.1,74,9861,4.7
546,708.4,10.6,67,10.3,73,9894,4.7
548,707.5,10.6,66,10.4,73,9928,4.6
550,706.7,10.5,67,10.6,72,9962,4.5
552,705.8,10.4,67,10.2,72,9996,4.5
554,704.8,10.4,67,9.8,72,10029,4.4
556,703.8,10.3,67,9.3,73,10063,4.4
558,702.8,10.2,67,8.9,73,10097,4.3
560,701.9,10.2,67,8.5,73,10131,4.3
562,701.1,10.1,67,8.1,73,10164,4.2
564,700.4,10.1,67,7.6,74,10195,4.2
566,699.6,10,67,7.2,74,10227,4.1
568,698.8,9.9,67,6.8,75,10258,4.1
570,698,9.9,67,6.4,75,10290,4
572,697.2,9.8,67,6.3,74,10321,4
574,696.4,9.8,67,6.2,74,10353,4
576,695.6,9.7,67,6.2,73,10385,3.9
578,694.8,9.6,67,6.1,72,10416,3.9
580,694.1,9.6,67,6,72,10448,3.8
582,693.3,9.5,67,5.9,71,10479,3.8
584,692.5,9.4,67,5.9,70,10511,3.7
586,691.7,9.4,67,5.8,70,10542,3.7
588,691,9.3,67,5.7,69,10574,3.6
590,690.2,9.3,68,5.7,68,10606,3.6
592,689.4,9.2,68,5.9,67,10637,3.6
594,688.6,9.2,68,6.1,65,10669,3.5
596,687.8,9.1,68,6.4,64,10701,3.5
598,687,9.1,68,6.6,63,10733,3.5
600,686.3,9.1,68,6.9,62,10765,3.5
602,685.5,9,68,7.1,61,10797,3.5
604,684.7,9,69,7.4,60,10829,3.6
606,683.9,8.9,70,7.6,60,10861,3.7
608,683.1,8.9,70,7.9,59,10893,3.8
610,682.4,8.8,71,8.1,58,10925,3.8
612,681.6,8.7,72,8.5,60,10957,3.9
614,680.8,8.7,72,8.8,63,10989,4
616,680,8.6,73,9.2,65,11021,4.1
618,679.2,8.6,74,9.6,66,11053,4.3
620,678.5,8.5,75,10,68,11085,4.4
622,677.7,8.5,76,10.3,70,11117,4.5
624,676.9,8.4,77,10.6,71,11149,4.6
626,676.2,8.4,78,11,73,11181,4.7
628,675.4,8.3,78,11.4,74,11213,4.8
630,674.6,8.3,78,11.8,75,11245,4.7
632,673.8,8.3,78,11.8,75,11277,4.7
634,673.1,8.3,78,11.7,75,11309,4.6
636,672.3,8.2,78,11.7,75,11341,4.6
638,671.5,8.2,78,11.6,75,11373,4.5
640,670.8,8.2,78,11.5,75,11405,4.5
642,670,8.2,77,11.5,75,11437,4.4
644,669.2,8.1,77,11.4,75,11469,4.4
646,668.5,8.1,77,11.4,75,11501,4.3
648,667.7,8.1,77,11.3,75,11533,4.3
650,666.9,8.1,76,11.2,75,11565,4.2
652,666.2,8.1,76,10.9,78,11597,4.1
654,665.4,8,76,10.6,80,11629,4.1
656,664.6,8,75,10.3,83,11661,4
658,663.9,8,75,10,86,11693,3.8
660,663.1,8,75,9.7,89,11725,3.7
662,662.4,7.9,74,9.4,93,11758,3.6
664,661.6,7.9,74,9.1,97,11790,3.5
666,660.8,7.9,73,8.8,101,11822,3.4
668,660.1,7.9,73,8.5,105,11854,3.3
670,659.3,7.8,72,8.2,109,11886,3.2
672,658.6,7.8,72,8.1,108,11918,3.1
674,657.8,7.8,72,8,106,11951,3
676,657,7.7,72,7.9,105,11983,3
678,656.3,7.7,71,7.8,103,12015,2.9
680,655.5,7.6,71,7.7,102,12047,2.8
682,654.8,7.6,71,7.6,100,12079,2.7
684,654,7.6,71,7.5,98,12113,2.7
686,653.2,7.5,71,7.4,97,12147,2.6
688,652.4,7.5,71,7.4,95,12181,2.6
690,651.6,7.5,71,7.3,93,12215,2.6
692,650.8,7.4,71,7.4,94,12249,2.5
694,650,7.4,71,7.5,95,12283,2.5
696,649.2,7.4,71,7.6,96,12317,2.5
698,648.4,7.3,71,7.7,96,12351,2.4
700,647.6,7.3,71,7.8,97,12385,2.4
702,646.9,7.3,71,7.9,98,12419,2.4
704,646.1,7.2,71,8,98,12453,2.4
706,645.3,7.2,71,8.1,99,12487,2.4
708,644.5,7.1,71,8.2,100,12521,2.3
710,643.7,7.1,72,8.3,100,12555,2.3
712,642.9,7.1,72,8.5,96,12589,2.3
714,642.1,7,72,8.8,93,12624,2.3
716,641.3,7,72,9.1,89,12659,2.3
718,640.5,7,72,9.3,86,12693,2.4
720,639.7,6.9,73,9.6,82,12728,2.4
722,638.9,6.9,73,9.8,79,12762,2.3
724,638.1,6.8,72,10.1,76,12797,2.2
726,637.3,6.8,72,10.4,74,12832,2.1
728,636.6,6.7,72,10.6,71,12866,2
730,635.8,6.7,72,10.9,69,12901,1.9
732,635,6.6,71,11,68,12935,1.8
734,634.2,6.6,71,11,68,12970,1.7
736,633.4,6.5,71,11.1,68,13005,1.7
738,632.6,6.5,71,11.2,68,13039,1.6
740,631.8,6.4,71,11.2,68,13074,1.6
742,631,6.3,71,11.3,68,13108,1.5
744,630.2,6.2,71,11.3,68,13144,1.5
746,629.4,6.2,72,11.4,67,13180,1.4
748,628.6,6.1,72,11.5,67,13215,1.4
750,627.8,6,72,11.5,67,13251,1.3
752,627,5.9,72,11.7,68,13287,1.3
754,626.2,5.9,72,11.9,68,13323,1.2
756,625.4,5.8,72,12.1,69,13358,1.1
758,624.6,5.7,72,12.2,69,13394,1.1
760,623.8,5.6,72,12.4,70,13430,1
762,623,5.6,72,12.6,70,13465,0.9
764,622.2,5.5,72,12.8,71,13501,0.9
766,621.4,5.4,72,13,71,13537,0.8
768,620.6,5.4,72,13.1,72,13572,0.8
770,619.8,5.3,72,13.3,72,13608,0.8
772,619,5.3,72,12.9,73,13644,0.8
774,618.2,5.3,73,12.5,75,13680,0.7
776,617.4,5.2,72,12.1,76,13717,0.7
778,616.5,5.2,72,11.8,78,13753,0.6
780,615.7,5.1,72,11.4,79,13789,0.5
782,614.9,5,72,11.1,81,13826,0.4
784,614.1,5,71,10.7,83,13862,0.3
786,613.3,4.9,71,10.2,85,13899,0.1
788,612.5,4.8,71,9.9,87,13935,0
790,611.7,4.8,71,9.6,90,13971,0
792,610.9,4.7,71,9.6,89,14008,-0.1
794,610.1,4.6,71,9.7,88,14044,-0.2
796,609.3,4.5,71,9.8,88,14081,-0.3
798,608.5,4.4,71,9.8,87,14117,-0.4
800,607.7,4.3,71,9.9,87,14153,-0.4
802,606.9,4.2,71,10,86,14190,-0.5
804,606.1,4.1,71,10,86,14226,-0.6
806,605.3,4,72,10.1,85,14261,-0.7
808,604.5,3.9,72,10.2,85,14296,-0.7
810,603.8,3.8,72,10.3,85,14332,-0.8
812,603,3.7,72,10.3,86,14367,-0.8
814,602.2,3.6,72,10.3,88,14403,-0.9
816,601.5,3.5,73,10.3,89,14438,-0.9
818,600.7,3.4,73,10.3,91,14474,-1
820,599.9,3.3,73,10.4,93,14509,-1
822,599.1,3.2,73,10.4,94,14544,-1.1
824,598.4,3.1,74,10.5,96,14580,-1.1
826,597.6,3,74,10.6,98,14615,-1.2
828,596.8,2.9,74,10.6,99,14651,-1.2
830,596.1,2.8,74,10.7,101,14686,-1.3
832,595.3,2.7,74,10.8,101,14722,-1.3
834,594.5,2.7,75,10.9,102,14757,-1.4
836,593.8,2.6,75,11.1,102,14792,-1.4
838,593,2.5,75,11.2,103,14826,-1.5
840,592.3,2.4,75,11.3,103,14861,-1.5
842,591.5,2.3,75,11.4,103,14896,-1.6
844,590.8,2.2,76,11.6,104,14931,-1.6
846,590,2.1,76,11.7,104,14965,-1.6
848,589.3,2.1,76,11.8,105,15000,-1.7
850,588.6,2,76,11.9,105,15035,-1.7
852,587.8,1.9,77,12,104,15070,-1.8
854,587.1,1.8,77,12,104,15105,-1.8
856,586.3,1.7,77,12.1,103,15139,-1.9
858,585.6,1.6,77,12.1,103,15174,-1.9
860,584.8,1.5,77,12.2,102,15209,-2
862,584.1,1.4,78,12.2,101,15244,-2
864,583.4,1.4,78,12.3,101,15279,-2.1
866,582.6,1.3,78,12.3,100,15315,-2.1
868,581.8,1.2,78,12.4,100,15350,-2.2
870,581.1,1.1,78,12.5,99,15386,-2.2
872,580.3,1,79,12.5,101,15422,-2.2
874,579.6,1,79,12.7,104,15458,-2.2
876,578.8,0.9,79,12.8,106,15493,-2.3
878,578.1,0.8,80,12.9,108,15529,-2.3
880,577.3,0.8,80,13,111,15565,-2.3
882,576.5,0.7,80,13.1,113,15600,-2.3
884,575.8,0.7,81,13.2,115,15636,-2.3
886,575,0.6,81,13.3,117,15672,-2.3
888,574.3,0.5,81,13.3,119,15708,-2.3
890,573.5,0.5,81,13.5,121,15743,-2.3
892,572.8,0.4,81,13.9,122,15779,-2.4
894,572,0.4,82,14.4,123,15816,-2.4
896,571.2,0.3,82,14.9,124,15854,-2.4
898,570.4,0.3,82,15.4,125,15892,-2.4
900,569.6,0.2,82,15.9,126,15930,-2.4
902,568.8,0.1,82,16.4,127,15969,-2.5
904,568,0.1,83,16.9,128,16007,-2.5
906,567.2,0,83,17.4,128,16045,-2.5
908,566.4,-0.1,83,17.9,129,16083,-2.6
910,565.7,-0.1,83,18.4,129,16121,-2.6
912,564.9,-0.2,83,18.3,129,16159,-2.7
914,564.1,-0.3,83,18.2,128,16198,-2.7
916,563.3,-0.3,83,18.1,128,16236,-2.8
918,562.5,-0.4,84,18,127,16274,-2.8
920,561.7,-0.5,84,17.9,127,16312,-2.9
922,560.9,-0.5,84,17.8,126,16350,-2.9
924,560.1,-0.6,84,17.7,126,16388,-3
926,559.4,-0.7,84,17.6,125,16425,-3.1
928,558.6,-0.7,84,17.5,125,16461,-3.1
930,557.9,-0.8,84,17.4,124,16498,-3.1
932,557.1,-0.9,84,17.3,125,16535,-3.2
934,556.4,-0.9,84,17.3,126,16572,-3.2
936,555.6,-1,84,17.3,127,16608,-3.3
938,554.9,-1,84,17.3,128,16645,-3.3
940,554.1,-1.1,84,17.3,129,16682,-3.4
942,553.4,-1.1,84,17.3,130,16718,-3.5
944,552.6,-1.1,84,17.3,131,16755,-3.5
946,551.9,-1.2,84,17.3,132,16792,-3.6
948,551.2,-1.2,83,17.3,133,16829,-3.7
950,550.4,-1.3,83,17.3,134,16865,-3.7
952,549.7,-1.3,83,17.3,134,16902,-3.8
954,549,-1.3,83,17.3,134,16938,-3.8
956,548.3,-1.3,83,17.2,134,16971,-3.8
958,547.6,-1.3,83,17.2,133,17005,-3.9
960,546.9,-1.3,82,17.2,133,17039,-3.9
962,546.2,-1.3,82,17.2,133,17073,-3.9
964,545.6,-1.3,82,17.1,133,17107,-3.9
966,544.9,-1.3,82,17.1,132,17141,-3.9
968,544.2,-1.3,82,17.1,132,17175,-3.9
970,543.5,-1.3,82,17.1,132,17209,-3.9
972,542.9,-1.3,82,17.3,133,17242,-3.9
974,542.2,-1.2,82,17.4,133,17276,-3.9
976,541.5,-1.2,82,17.6,134,17310,-3.9
978,540.9,-1.2,81,17.8,135,17344,-4
980,540.2,-1.2,81,18,135,17378,-4.1
982,539.5,-1.2,80,18.2,136,17412,-4.2
984,538.9,-1.3,80,18.4,136,17446,-4.3
986,538.2,-1.3,79,18.5,137,17480,-4.4
988,537.5,-1.3,79,18.7,138,17514,-4.5
990,536.9,-1.4,78,18.9,138,17548,-4.7
992,536.2,-1.4,78,19.3,138,17582,-4.8
994,535.5,-1.4,77,19.7,138,17616,-4.9
996,534.9,-1.5,77,20,138,17650,-5
998,534.2,-1.5,77,20.4,138,17684,-5.1
1000,533.5,-1.6,76,20.8,138,17718,-5.2
1002,532.9,-1.7,76,21.2,138,17752,-5.4
1004,532.2,-1.7,76,21.5,138,17786,-5.5
1006,531.5,-1.8,75,21.9,138,17820,-5.6
1008,530.9,-1.8,75,22.3,138,17854,-5.6
1010,530.2,-1.9,75,22.6,138,17888,-5.7
1012,529.6,-1.9,75,22.5,138,17922,-5.8
1014,528.9,-2,74,22.4,139,17956,-5.9
1016,528.2,-2,74,22.3,139,17990,-6
1018,527.6,-2.1,74,22.1,140,18024,-6.1
1020,526.9,-2.1,73,22,141,18059,-6.2
1022,526.3,-2.1,73,21.9,141,18093,-6.3
1024,525.6,-2.1,72,21.8,142,18127,-6.4
1026,524.9,-2.1,72,21.6,142,18162,-6.5
1028,524.3,-2.1,71,21.5,143,18196,-6.6
1030,523.6,-2.1,71,21.4,144,18230,-6.7
1032,523,-2.1,71,21.6,144,18265,-6.7
1034,522.3,-2.1,70,21.8,144,18299,-6.8
1036,521.7,-2.2,70,21.9,145,18333,-6.9
1038,521,-2.2,70,22.1,145,18368,-7
1040,520.3,-2.3,69,22.3,145,18402,-7.1
1042,519.7,-2.3,69,22.5,146,18436,-7.2
1044,519,-2.4,69,22.6,146,18471,-7.3
1046,518.4,-2.4,69,22.8,146,18504,-7.3
1048,517.8,-2.5,69,23,147,18538,-7.4
1050,517.1,-2.5,69,23.2,147,18571,-7.4
1052,516.5,-2.6,69,23.2,148,18605,-7.5
1054,515.9,-2.7,69,23.3,149,18638,-7.6
1056,515.2,-2.8,69,23.3,149,18672,-7.6
1058,514.6,-2.8,69,23.4,150,18705,-7.7
1060,514,-2.9,69,23.5,151,18739,-7.8
1062,513.4,-3,69,23.5,151,18772,-7.8
1064,512.7,-3,69,23.6,152,18806,-7.9
1066,512.1,-3.1,69,23.7,153,18839,-8
1068,511.5,-3.1,69,23.8,154,18873,-8
1070,510.8,-3.2,69,23.8,154,18906,-8.1
1072,510.2,-3.3,69,23.6,154,18940,-8.2
1074,509.6,-3.3,69,23.4,154,18973,-8.2
1076,509,-3.4,68,23.2,153,19006,-8.3
1078,508.4,-3.5,68,23,153,19039,-8.4
1080,507.7,-3.5,68,22.8,152,19072,-8.5
1082,507.1,-3.6,68,22.6,152,19105,-8.6
1084,506.5,-3.6,68,22.4,152,19138,-8.7
1086,505.9,-3.7,68,22.2,151,19171,-8.7
1088,505.3,-3.8,68,22,151,19205,-8.7
1090,504.7,-3.8,69,21.8,151,19238,-8.7
1092,504.1,-3.9,69,21.7,149,19271,-8.8
1094,503.5,-4,69,21.6,148,19304,-8.8
1096,502.9,-4,69,21.5,146,19337,-8.8
1098,502.2,-4.1,69,21.4,144,19370,-8.9
1100,501.6,-4.2,69,21.4,143,19403,-8.9
1102,501,-4.2,70,21.3,141,19436,-8.9
1104,500.4,-4.3,70,21.3,140,19469,-9
1106,499.8,-4.4,70,21.3,138,19501,-9
1108,499.2,-4.4,70,21.3,137,19534,-9
1110,498.6,-4.5,70,21.3,135,19566,-9.1
1112,498.1,-4.6,70,21.2,135,19599,-9.1
1114,497.5,-4.6,70,21.2,136,19631,-9.2
1116,496.9,-4.7,70,21.1,136,19663,-9.3
1118,496.3,-4.8,70,21.1,136,19696,-9.4
1120,495.7,-4.9,70,21,137,19728,-9.5
1122,495.1,-4.9,70,21,137,19760,-9.5
1124,494.5,-5,70,20.9,137,19793,-9.6
1126,493.8,-5.1,70,20.9,138,19825,-9.7
1128,493.2,-5.1,70,20.8,138,19858,-9.7
1130,492.6,-5.2,70,20.8,138,19890,-9.8
1132,492,-5.3,70,20.4,138,19922,-9.8
1134,491.4,-5.3,70,20.1,138,19955,-9.9
1136,490.7,-5.4,70,19.8,139,19988,-9.9
1138,490.1,-5.4,70,19.5,139,20021,-10
1140,489.5,-5.5,70,19.2,139,20054,-10
1142,488.9,-5.5,70,18.9,139,20087,-10
1144,488.2,-5.6,71,18.5,139,20120,-10.1
1146,487.6,-5.7,71,18.2,139,20153,-10.1
1148,487,-5.7,71,17.9,140,20186,-10.2
1150,486.3,-5.8,71,17.6,140,20219,-10.2
1152,485.7,-5.9,71,17.5,138,20252,-10.2
1154,485.1,-5.9,71,17.4,137,20285,-10.3
1156,484.5,-6,72,17.3,136,20319,-10.3
1158,483.8,-6.1,72,17.2,134,20352,-10.3
1160,483.2,-6.1,72,17.1,133,20385,-10.3
1162,482.6,-6.2,72,17.1,131,20418,-10.3
1164,482,-6.3,73,17,130,20451,-10.4
1166,481.3,-6.4,73,17,128,20485,-10.4
1168,480.7,-6.4,73,17,127,20519,-10.4
1170,480.1,-6.5,73,16.9,125,20553,-10.4
1172,479.4,-6.5,74,17,126,20587,-10.4
1174,478.8,-6.6,74,17,126,20621,-10.4
1176,478.2,-6.7,74,17,126,20655,-10.4
1178,477.5,-6.7,74,17,127,20689,-10.5
1180,476.9,-6.8,75,17.1,127,20723,-10.5
1182,476.3,-6.8,74,17.1,128,20758,-10.6
1184,475.6,-6.8,74,17.1,128,20792,-10.6
1186,475,-6.9,74,17.2,128,20826,-10.7
1188,474.4,-6.9,74,17.2,129,20860,-10.8
1190,473.7,-6.9,74,17.2,129,20894,-10.8
1192,473.1,-7,74,17.3,130,20928,-10.9
1194,472.5,-7,73,17.3,131,20962,-10.9
1196,471.8,-7.1,73,17.3,132,20997,-11
1198,471.2,-7.1,73,17.4,133,21030,-11.1
1200,470.6,-7.2,73,17.4,134,21064,-11.1
1202,470,-7.2,73,17.5,135,21098,-11.2
1204,469.3,-7.2,73,17.6,136,21132,-11.3
1206,468.7,-7.3,73,17.6,137,21166,-11.3
1208,468.1,-7.3,72,17.7,138,21200,-11.4
1210,467.5,-7.4,72,17.8,139,21234,-11.6
1212,466.9,-7.5,72,18,138,21268,-11.7
1214,466.2,-7.6,71,18.2,138,21302,-11.8
1216,465.6,-7.6,71,18.5,138,21336,-12
1218,465,-7.7,71,18.7,137,21369,-12.1
1220,464.4,-7.8,70,18.9,137,21403,-12.2
1222,463.8,-7.9,70,19.1,137,21437,-12.4
1224,463.2,-8,70,19.3,136,21471,-12.5
1226,462.5,-8.1,69,19.6,136,21505,-12.6
1228,461.9,-8.1,69,19.8,136,21539,-12.8
1230,461.3,-8.2,69,20,135,21574,-12.9
1232,460.7,-8.3,69,19.7,134,21608,-13
1234,460.1,-8.4,68,19.5,134,21643,-13.1
1236,459.4,-8.5,68,19.2,133,21677,-13.2
1238,458.8,-8.6,68,19,132,21711,-13.3
1240,458.2,-8.7,68,18.7,131,21746,-13.4
1242,457.6,-8.7,68,18.4,130,21780,-13.4
1244,457,-8.8,68,18.2,129,21815,-13.5
1246,456.3,-8.9,68,18,128,21849,-13.6
1248,455.7,-8.9,68,17.7,127,21883,-13.7
1250,455.1,-9,68,17.5,126,21918,-13.8
1252,454.5,-9,68,17.7,126,21952,-13.9
1254,453.9,-9.1,67,17.8,127,21987,-14
1256,453.3,-9.1,67,18,127,22021,-14
1258,452.6,-9.1,67,18.2,127,22056,-14.1
1260,452,-9.2,67,18.4,127,22090,-14.2
1262,451.4,-9.2,66,18.5,128,22125,-14.3
1264,450.8,-9.3,66,18.7,128,22160,-14.5
1266,450.2,-9.3,65,18.9,128,22194,-14.6
1268,449.6,-9.4,65,19,129,22229,-14.7
1270,449,-9.5,65,19.2,129,22264,-14.8
1272,448.3,-9.5,64,19.3,128,22298,-15
1274,447.7,-9.6,64,19.5,128,22333,-15.1
1276,447.1,-9.6,64,19.6,127,22367,-15.2
1278,446.5,-9.7,64,19.7,126,22402,-15.3
1280,445.9,-9.8,63,19.8,126,22437,-15.4
1282,445.3,-9.8,63,20,125,22471,-15.5
1284,444.7,-9.9,63,20.1,124,22506,-15.6
1286,444.1,-10,63,20.2,124,22541,-15.7
1288,443.4,-10,62,20.4,123,22576,-15.2
1290,442.8,-10.1,62,20.5,123,22613,-15.3
1292,442.2,-10.2,62,20.7,123,22650,-15.4
1294,441.5,-10.2,62,20.9,124,22686,-15.5
1296,440.9,-10.3,62,21.1,124,22723,-15.6
1298,440.2,-10.4,62,21.3,125,22759,-15.7
1300,439.6,-10.4,62,21.5,125,22796,-15.8
1302,439,-10.5,61,21.7,126,22833,-15.9
1304,438.3,-10.6,61,21.9,126,22869,-16
1306,437.7,-10.6,61,22.1,127,22906,-16.1
1308,437.1,-10.7,61,22.3,127,22943,-16.2
1310,436.4,-10.8,60,22.6,128,22979,-16.3
1312,435.8,-10.8,60,22.4,128,23016,-16.4
1314,435.2,-10.9,60,22.2,128,23053,-16.5
1316,434.5,-11,59,22.1,129,23089,-16.7
1318,433.9,-11,59,21.9,129,23126,-16.8
1320,433.3,-11.1,58,21.7,130,23162,-17
1322,432.7,-11.1,58,21.6,130,23199,-17.1
1324,432,-11.2,57,21.4,130,23235,-17.3
1326,431.4,-11.2,57,21.3,131,23272,-17.4
1328,430.8,-11.3,56,21.1,131,23308,-17.6
1330,430.2,-11.3,55,21,132,23345,-17.8
1332,429.5,-11.4,54,20.9,131,23381,-18
1334,428.9,-11.4,53,20.9,130,23417,-18.3
1336,428.3,-11.5,52,20.8,128,23454,-18.5
1338,427.7,-11.6,52,20.8,127,23490,-18.8
1340,427.1,-11.7,51,20.8,126,23527,-19
1342,426.4,-11.8,50,20.8,125,23563,-19.3
1344,425.8,-11.8,49,20.8,124,23600,-19.5
1346,425.2,-11.9,49,20.8,123,23636,-19.6
1348,424.6,-12,49,20.8,122,23673,-19.8
1350,424,-12.1,48,20.9,120,23709,-20
1352,423.3,-12.2,48,21.2,121,23746,-20.2
1354,422.7,-12.3,47,21.4,121,23782,-20.4
1356,422.1,-12.4,47,21.7,121,23819,-20.5
1358,421.5,-12.6,47,22,121,23855,-20.6
1360,420.9,-12.6,47,22.3,121,23892,-20.7
1362,420.3,-12.7,47,22.6,121,23928,-20.8
1364,419.7,-12.8,47,22.8,121,23965,-20.9
1366,419.1,-12.9,47,23.1,121,24001,-21
1368,418.4,-13,47,23.4,121,24038,-21.1
1370,417.8,-13.1,47,23.7,121,24074,-21.1
1372,417.2,-13.2,47,23.5,120,24111,-21.1
1374,416.6,-13.3,48,23.3,120,24147,-21.2
1376,416,-13.4,48,23.1,119,24184,-21.2
1378,415.4,-13.5,49,22.9,119,24220,-21.2
1380,414.8,-13.6,49,22.7,118,24258,-21.2
1382,414.1,-13.7,49,22.5,118,24295,-21.2
1384,413.5,-13.8,50,22.3,117,24333,-21.2
1386,412.9,-13.9,50,22.1,116,24371,-21.2
1388,412.3,-14,51,22,116,24408,-21.2
1390,411.7,-14.1,51,21.8,115,24446,-21.2
1392,411,-14.2,52,21.6,116,24483,-21.2
1394,410.4,-14.3,52,21.5,116,24521,-21.2
1396,409.8,-14.4,53,21.3,117,24558,-21.2
1398,409.2,-14.5,53,21.2,118,24596,-21.1
1400,408.6,-14.6,54,21,119,24633,-21.1
1402,407.9,-14.7,54,20.9,119,24671,-21.1
1404,407.3,-14.8,55,20.7,120,24709,-21.1
1406,406.7,-14.9,55,20.6,121,24746,-21.1
1408,406.1,-14.9,56,20.5,122,24784,-21.1
1410,405.5,-15,56,20.3,122,24821,-21.1
1412,404.9,-15.1,57,20.4,122,24858,-21.1
1414,404.3,-15.2,57,20.5,122,24896,-21.1
1416,403.7,-15.3,58,20.6,122,24933,-21.1
1418,403.1,-15.3,58,20.7,122,24970,-21.1
1420,402.5,-15.4,58,20.7,121,25007,-21.1
1422,401.9,-15.5,59,20.8,121,25044,-21.1
1424,401.2,-15.5,58,20.9,121,25082,-21.2
1426,400.6,-15.6,58,21,121,25119,-21.3
1428,400,-15.6,58,21.1,121,25156,-21.4
1430,399.4,-15.6,58,21.2,120,25193,-21.4
1432,398.8,-15.7,58,21.1,121,25231,-21.5
1434,398.2,-15.7,57,21,121,25268,-21.6
1436,397.6,-15.8,57,20.9,122,25305,-21.7
1438,397,-15.8,56,20.8,122,25342,-21.8
1440,396.4,-15.8,56,20.7,123,25380,-22
1442,395.8,-15.9,55,20.7,123,25419,-22.1
1444,395.2,-15.9,54,20.6,124,25457,-22.3
1446,394.6,-15.9,54,20.5,124,25495,-22.5
1448,394,-16,53,20.4,125,25533,-22.6
1450,393.4,-16,52,20.4,125,25571,-22.8
1452,392.8,-16.1,52,20.6,126,25609,-23
1454,392.2,-16.1,51,20.8,126,25647,-23.2
1456,391.6,-16.1,50,20.9,126,25685,-23.3
1458,391,-16.2,50,21.1,126,25724,-23.5
1460,390.4,-16.2,49,21.3,127,25762,-23.7
1462,389.8,-16.3,48,21.5,127,25800,-23.9
1464,389.2,-16.3,48,21.7,127,25838,-24
1466,388.6,-16.3,47,21.9,127,25876,-24.2
1468,388,-16.4,46,22.1,128,25914,-24.4
1470,387.4,-16.4,46,22.3,128,25953,-24.6
1472,386.7,-16.5,45,22.5,128,25991,-24.7
1474,386.1,-16.5,44,22.7,128,26030,-24.9
1476,385.5,-16.6,44,22.9,127,26069,-25.1
1478,384.9,-16.6,43,23.1,127,26107,-25.3
1480,384.3,-16.7,43,23.3,127,26146,-25.4
1482,383.7,-16.8,43,23.6,127,26184,-25.6
1484,383.1,-16.9,42,23.8,127,26223,-25.8
1486,382.5,-17,42,24,127,26262,-26
1488,381.9,-17.1,41,24.2,127,26300,-26.2
1490,381.3,-17.2,41,24.4,127,26339,-26.3
1492,380.7,-17.2,41,24.6,127,26377,-26.5
1494,380.1,-17.3,41,24.8,127,26416,-26.6
1496,379.5,-17.4,40,24.9,127,26455,-26.7
1498,378.9,-17.5,40,25.1,127,26493,-26.9
1500,378.3,-17.6,40,25.3,127,26532,-27
1502,377.8,-17.7,40,25.4,127,26571,-27.1
1504,377.2,-17.8,40,25.6,127,26610,-27.3
1506,376.6,-17.9,40,25.7,127,26649,-27.4
1508,376,-18,40,25.9,127,26687,-27.5
1510,375.4,-18.1,39,26.1,127,26726,-27.5
1512,374.8,-18.1,39,25.7,127,26765,-27.6
1514,374.2,-18.2,39,25.4,127,26804,-27.7
1516,373.6,-18.3,39,25,127,26843,-27.8
1518,373,-18.4,39,24.6,127,26881,-27.9
1520,372.4,-18.4,39,24.3,127,26920,-27.9
1522,371.8,-18.5,39,23.9,126,26959,-28
1524,371.2,-18.6,40,23.6,126,26998,-28
1526,370.6,-18.7,40,23.2,126,27037,-28
1528,370.1,-18.7,40,22.9,126,27076,-28.1
1530,369.5,-18.8,40,22.5,126,27114,-28.1
1532,368.9,-18.9,41,22.4,125,27151,-28
1534,368.3,-19,42,22.4,124,27189,-27.8
1536,367.8,-19,43,22.3,124,27226,-27.7
1538,367.2,-19.1,44,22.3,123,27264,-27.5
1540,366.7,-19.2,45,22.2,122,27301,-27.4
1542,366.1,-19.3,46,22.2,121,27339,-27.3
1544,365.5,-19.4,47,22.1,120,27376,-27.1
1546,365,-19.4,48,22.1,120,27413,-27
1548,364.4,-19.5,49,22,119,27451,-26.9
1550,363.8,-19.6,50,22,118,27488,-26.7
1552,363.3,-19.7,51,21.7,118,27526,-26.6
1554,362.7,-19.8,52,21.4,117,27563,-26.5
1556,362.2,-19.9,53,21.2,117,27601,-26.4
1558,361.6,-19.9,53,20.9,117,27638,-26.3
1560,361.1,-20,54,20.6,116,27676,-26.3
1562,360.5,-20.1,54,20.3,116,27712,-26.3
1564,360,-20.2,55,20,115,27749,-26.3
1566,359.4,-20.3,55,19.8,115,27786,-26.3
1568,358.9,-20.4,56,19.5,115,27822,-26.3
1570,358.3,-20.4,56,19.2,114,27859,-26.3
1572,357.8,-20.5,56,19.5,114,27896,-26.3
1574,357.3,-20.6,56,19.8,113,27932,-26.4
1576,356.7,-20.7,57,20.2,113,27969,-26.5
1578,356.2,-20.8,57,20.5,112,28006,-26.5
1580,355.6,-20.8,57,20.8,112,28042,-26.6
1582,355.1,-20.9,57,21.1,111,28079,-26.7
1584,354.6,-21,57,21.5,111,28116,-26.7
1586,354,-21.1,56,21.8,110,28153,-26.9
1588,353.5,-21.2,56,22.1,110,28189,-27
1590,353,-21.2,56,22.4,109,28226,-27.1
1592,352.4,-21.3,56,22.8,110,28263,-27.2
1594,351.9,-21.4,55,23.1,110,28300,-27.3
1596,351.3,-21.5,55,23.4,110,28337,-27.4
1598,350.8,-21.5,55,23.7,110,28374,-27.6
1600,350.3,-21.6,55,24,110,28411,-27.7
1602,349.7,-21.7,54,24.3,111,28448,-27.8
1604,349.2,-21.7,54,24.7,111,28485,-27.9
1606,348.7,-21.7,54,25,111,28522,-28
1608,348.1,-21.8,53,25.3,111,28559,-28.1
1610,347.6,-21.8,53,25.6,111,28597,-28.2
1612,347.1,-21.8,52,25.8,110,28634,-28.3
1614,346.5,-21.8,52,26,109,28671,-28.4
1616,346,-21.9,51,26.2,108,28708,-28.6
1618,345.5,-21.9,51,26.4,107,28745,-28.7
1620,344.9,-21.9,50,26.6,106,28782,-28.9
1622,344.4,-22,49,26.8,105,28819,-29
1624,343.9,-22,49,27.1,104,28856,-29.2
1626,343.4,-22,48,27.3,103,28893,-29.4
1628,342.8,-22.1,47,27.5,102,28930,-29.6
1630,342.3,-22.2,46,27.8,101,28967,-29.8
1632,341.8,-22.2,46,28.1,101,29004,-30
1634,341.3,-22.3,45,28.4,101,29041,-30.2
1636,340.7,-22.4,44,28.7,101,29078,-30.5
1638,340.2,-22.5,43,29,101,29115,-30.7
1640,339.7,-22.5,43,29.2,101,29152,-30.9
1642,339.2,-22.6,42,29.5,100,29189,-31.2
1644,338.6,-22.7,41,29.8,100,29226,-31.4
1646,338.1,-22.8,41,30.1,100,29263,-31.7
1648,337.6,-22.9,40,30.4,100,29300,-31.9
1650,337.1,-23,39,30.7,100,29337,-32.2
1652,336.6,-23.1,39,30.7,100,29375,-32.4
1654,336,-23.2,38,30.8,100,29413,-32.6
1656,335.5,-23.3,38,30.8,100,29451,-32.8
1658,335,-23.4,37,30.9,100,29489,-33
1660,334.4,-23.5,37,30.9,99,29527,-33.2
1662,333.9,-23.7,37,31,99,29565,-33.4
1664,333.4,-23.8,36,31,99,29603,-33.6
1666,332.8,-23.9,36,31,99,29642,-33.8
1668,332.3,-24,36,31.1,99,29680,-34
1670,331.8,-24.1,35,31.1,99,29718,-34.1
1672,331.2,-24.2,35,31.2,99,29756,-34.3
1674,330.7,-24.3,35,31.3,99,29794,-34.4
1676,330.2,-24.4,35,31.4,99,29832,-34.6
1678,329.7,-24.5,35,31.5,99,29870,-34.8
1680,329.1,-24.6,34,31.6,99,29908,-34.9
1682,328.6,-24.7,34,31.7,99,29944,-35
1684,328.1,-24.8,34,31.7,99,29981,-35.1
1686,327.7,-24.9,34,31.8,99,30017,-35.2
1688,327.2,-25,34,31.9,99,30053,-35.3
1690,326.7,-25.1,34,32,99,30089,-35.4
1692,326.2,-25.2,34,31.8,99,30125,-35.5
1694,325.7,-25.3,34,31.5,99,30161,-35.6
1696,325.2,-25.4,34,31.3,99,30197,-35.7
1698,324.7,-25.5,34,31.1,99,30234,-35.8
1700,324.2,-25.6,34,30.8,98,30270,-35.9
1702,323.7,-25.7,34,30.6,98,30306,-36
1704,323.2,-25.8,34,30.4,98,30342,-36.1
1706,322.7,-25.9,34,30.1,98,30378,-36.2
1708,322.2,-26,34,29.9,98,30414,-36.3
1710,321.7,-26.1,34,29.6,98,30450,-36.4
1712,321.2,-26.2,34,29.7,98,30488,-36.6
1714,320.7,-26.3,34,29.7,98,30526,-36.7
1716,320.2,-26.4,33,29.7,98,30565,-36.8
1718,319.7,-26.5,33,29.7,98,30603,-36.9
1720,319.2,-26.6,33,29.7,98,30641,-37
1722,318.6,-26.7,33,29.7,98,30680,-37.2
1724,318.1,-26.8,33,29.7,98,30718,-37.3
1726,317.6,-26.9,33,29.8,98,30756,-37.4
1728,317.1,-27,33,29.8,98,30795,-37.6
1730,316.6,-27.1,33,29.8,98,30833,-37.7
1732,316.1,-27.2,33,29.8,98,30871,-37.8
1734,315.6,-27.3,32,29.8,98,30909,-37.9
1736,315,-27.4,32,29.8,98,30948,-38
1738,314.5,-27.5,32,29.8,98,30986,-38.1
1740,314,-27.6,32,29.9,98,31024,-38.2
1742,313.5,-27.7,32,29.9,99,31063,-38.3
1744,313,-27.8,32,29.9,99,31101,-38.4
1746,312.5,-27.9,32,29.9,99,31139,-38.5
1748,312,-28,32,29.9,99,31177,-38.6
1750,311.5,-28.1,32,29.9,99,31216,-38.7
1752,311,-28.2,32,29.9,99,31254,-38.8
1754,310.5,-28.3,32,29.9,98,31292,-38.8
1756,310,-28.4,32,29.8,98,31330,-38.9
1758,309.5,-28.5,32,29.8,98,31369,-39
1760,309,-28.6,32,29.8,98,31407,-39.1
1762,308.5,-28.7,33,29.7,97,31445,-39.2
1764,308,-28.8,33,29.7,97,31483,-39.3
1766,307.5,-28.9,33,29.7,97,31522,-39.3
1768,307,-29,33,29.6,97,31560,-39.4
1770,306.5,-29.1,33,29.6,96,31598,-39.5
1772,306,-29.2,33,29.5,97,31636,-39.6
1774,305.5,-29.3,33,29.4,97,31674,-39.7
1776,305,-29.4,33,29.3,97,31711,-39.8
1778,304.5,-29.5,33,29.2,97,31749,-39.8
1780,304,-29.5,32,29,97,31786,-39.9
1782,303.5,-29.6,32,28.9,97,31824,-40
1784,303,-29.7,32,28.8,97,31862,-40.1
1786,302.5,-29.8,32,28.7,97,31899,-40.2
1788,302.1,-29.9,32,28.6,97,31937,-40.3
1790,301.6,-30,33,28.5,97,31975,-40.3
1792,301.1,-30,33,28.4,97,32012,-40.3
1794,300.6,-30.1,33,28.3,97,32050,-40.4
1796,300.1,-30.2,33,28.2,97,32087,-40.4
1798,299.6,-30.3,33,28.1,97,32125,-40.5
1800,299.1,-30.4,33,28,97,32163,-40.5
1802,298.6,-30.4,33,27.9,97,32202,-40.6
1804,298.2,-30.5,33,27.7,97,32241,-40.6
1806,297.7,-30.6,33,27.6,97,32280,-40.7
1808,297.2,-30.7,33,27.5,97,32319,-40.7
1810,296.7,-30.8,34,27.4,97,32358,-40.8
1812,296.2,-30.9,34,27.4,97,32397,-40.8
1814,295.7,-30.9,34,27.4,96,32436,-40.9
1816,295.2,-31,34,27.3,96,32475,-41
1818,294.7,-31.1,33,27.3,96,32514,-41.1
1820,294.2,-31.2,33,27.2,96,32553,-41.3
1822,293.7,-31.3,33,27.2,96,32592,-41.4
1824,293.2,-31.4,33,27.1,96,32631,-41.5
1826,292.7,-31.5,33,27.1,96,32670,-41.7
1828,292.2,-31.5,32,27,96,32709,-41.8
1830,291.7,-31.6,32,27,96,32749,-41.9
1832,291.2,-31.7,32,27,96,32789,-42
1834,290.7,-31.8,32,26.9,96,32829,-42.2
1836,290.2,-31.9,32,26.9,96,32869,-42.3
1838,289.7,-32,32,26.9,95,32909,-42.4
1840,289.2,-32.1,32,26.8,95,32950,-42.5
1842,288.7,-32.2,31,26.8,95,32990,-42.7
1844,288.2,-32.3,31,26.8,95,33030,-42.8
1846,287.7,-32.4,31,26.7,95,33070,-42.9
1848,287.2,-32.4,31,26.7,95,33111,-43
1850,286.7,-32.5,31,26.7,95,33151,-43.2
1852,286.2,-32.6,30,26.8,95,33191,-43.3
1854,285.7,-32.7,30,27,94,33231,-43.4
1856,285.2,-32.8,30,27.2,94,33272,-43.5
1858,284.7,-32.9,30,27.4,94,33312,-43.7
1860,284.2,-33,30,27.6,94,33352,-43.8
1862,283.7,-33.1,30,27.8,93,33392,-43.9
1864,283.2,-33.1,30,27.9,93,33431,-44
1866,282.7,-33.2,30,28.1,93,33471,-44.1
1868,282.3,-33.3,29,28.3,93,33510,-44.2
1870,281.8,-33.4,29,28.5,92,33550,-44.3
1872,281.3,-33.5,29,28.7,92,33589,-44.4
1874,280.8,-33.6,29,29,92,33629,-44.5
1876,280.3,-33.7,29,29.2,92,33668,-44.6
1878,279.9,-33.8,29,29.5,91,33708,-44.7
1880,279.4,-33.9,29,29.7,91,33747,-44.8
1882,278.9,-33.9,29,30,91,33787,-44.9
1884,278.4,-34,29,30.2,91,33826,-45
1886,277.9,-34.1,29,30.5,91,33866,-45.1
1888,277.5,-34.2,29,30.7,90,33905,-45.3
1890,277,-34.3,29,31,90,33945,-45.4
1892,276.5,-34.4,29,31.3,90,33984,-45.5
1894,276,-34.5,29,31.7,90,34023,-45.6
1896,275.6,-34.6,28,32.1,90,34063,-45.7
1898,275.1,-34.7,28,32.5,90,34102,-45.8
1900,274.6,-34.8,28,32.8,90,34142,-45.9
1902,274.1,-34.9,28,33.2,90,34181,-46
1904,273.7,-35,28,33.6,90,34220,-46.1
1906,273.2,-35.1,28,34,89,34260,-46.2
1908,272.7,-35.2,28,34.3,89,34299,-46.3
1910,272.3,-35.3,28,34.7,89,34339,-46.4
1912,271.8,-35.4,28,35,89,34378,-46.5
1914,271.3,-35.5,28,35.2,89,34418,-46.6
1916,270.8,-35.6,28,35.5,89,34457,-46.7
1918,270.4,-35.7,28,35.8,88,34496,-46.7
1920,269.9,-35.8,28,36.1,88,34536,-46.8
1922,269.4,-35.9,28,36.3,88,34576,-46.9
1924,269,-36,28,36.6,88,34617,-47
1926,268.5,-36.1,28,36.9,87,34658,-47.2
1928,268,-36.2,28,37.2,87,34699,-47.3
1930,267.5,-36.3,28,37.4,87,34740,-47.4
1932,267,-36.4,28,37.3,87,34780,-47.5
1934,266.6,-36.5,28,37.2,87,34821,-47.6
1936,266.1,-36.6,28,37,87,34862,-47.8
1938,265.6,-36.7,28,36.9,87,34903,-47.9
1940,265.1,-36.8,28,36.7,87,34944,-48
1942,264.6,-37,28,36.6,87,34984,-48.1
1944,264.2,-37.1,28,36.5,88,35025,-48.2
1946,263.7,-37.2,27,36.3,88,35066,-48.3
1948,263.2,-37.3,27,36.2,88,35107,-48.4
1950,262.7,-37.4,27,36,88,35148,-48.5
1952,262.3,-37.5,28,36,88,35187,-48.6
1954,261.8,-37.6,28,36,88,35226,-48.7
1956,261.4,-37.8,28,36,88,35265,-48.8
1958,260.9,-37.9,28,36,88,35304,-48.9
1960,260.5,-38,28,36,89,35343,-49
1962,260,-38.1,28,36,89,35382,-49.1
1964,259.6,-38.2,28,36,89,35421,-49.2
1966,259.1,-38.3,28,36,89,35460,-49.3
1968,258.7,-38.4,28,36,89,35499,-49.4
1970,258.2,-38.5,27,36,89,35538,-49.5
1972,257.8,-38.6,27,35.9,90,35577,-49.7
1974,257.4,-38.7,27,35.9,90,35616,-49.8
1976,256.9,-38.9,27,35.9,90,35655,-49.9
1978,256.5,-39,27,35.8,90,35694,-50
1980,256,-39.1,27,35.8,90,35733,-50.1
1982,255.6,-39.2,27,35.7,90,35772,-50.2
1984,255.1,-39.3,27,35.7,90,35812,-50.3
1986,254.7,-39.4,27,35.6,90,35851,-50.4
1988,254.2,-39.5,27,35.6,91,35890,-50.5
1990,253.8,-39.6,27,35.5,91,35929,-50.6
1992,253.4,-39.8,27,35.4,91,35969,-50.7
1994,252.9,-39.9,27,35.2,91,36008,-50.8
1996,252.5,-40,27,35,91,36047,-50.9
1998,252,-40.1,27,34.8,91,36087,-51
2000,251.6,-40.2,27,34.6,91,36126,-51.1
2002,251.1,-40.3,28,34.5,91,36165,-51.2
2004,250.7,-40.4,28,34.3,91,36204,-51.3
2006,250.3,-40.5,28,34.1,91,36244,-51.3
2008,249.8,-40.7,28,33.9,91,36283,-51.4
2010,249.4,-40.8,28,33.8,91,36322,-51.5
2012,249,-40.9,28,33.9,91,36361,-51.6
2014,248.5,-41,28,34.1,91,36399,-51.7
2016,248.1,-41.1,28,34.3,91,36436,-51.8
2018,247.7,-41.2,28,34.5,91,36473,-51.9
2020,247.3,-41.3,28,34.7,91,36511,-51.9
2022,246.9,-41.4,28,34.8,91,36548,-52
2024,246.5,-41.5,28,35,91,36586,-52.1
2026,246,-41.6,28,35.2,91,36623,-52.2
2028,245.6,-41.7,28,35.4,91,36660,-52.2
2030,245.2,-41.8,28,35.6,91,36698,-52.3
2032,244.8,-41.9,28,35.4,92,36735,-52.4
2034,244.4,-42,28,35.3,92,36773,-52.5
2036,244,-42.1,28,35.1,92,36810,-52.6
2038,243.6,-42.2,28,35,93,36848,-52.7
2040,243.2,-42.3,28,34.8,93,36885,-52.8
2042,242.7,-42.4,28,34.7,93,36922,-52.9
2044,242.3,-42.4,28,34.5,94,36959,-52.9
2046,241.9,-42.5,28,34.4,94,36996,-53
2048,241.5,-42.6,28,34.2,94,37033,-53.1
2050,241.1,-42.7,28,34.1,95,37070,-53.2
2052,240.7,-42.8,28,34.2,95,37107,-53.3
2054,240.3,-42.9,28,34.3,95,37144,-53.4
2056,239.9,-43,28,34.3,96,37180,-53.5
2058,239.5,-43.1,28,34.4,96,37217,-53.5
2060,239.1,-43.2,28,34.5,96,37254,-53.6
2062,238.7,-43.2,28,34.6,97,37291,-53.7
2064,238.3,-43.3,28,34.7,97,37328,-53.8
2066,237.9,-43.4,28,34.8,97,37365,-53.9
2068,237.5,-43.5,28,34.8,98,37401,-53.9
2070,237.1,-43.6,28,34.9,98,37438,-54
2072,237,-43.7,28,35.1,98,37475,-54
2074,236.9,-43.7,28,35.2,98,37490,-54.1
2076,236.8,-43.7,28,35.4,98,37475,-54.1
2078,236.9,-43.8,28,35.5,98,37460,-54.1
2080,237.1,-43.8,28,35.7,98,37445,-54.1
2082,237.2,-43.9,28,35.8,98,37431,-54.2
2084,237.4,-43.9,28,36,98,37416,-54.2
2086,237.5,-43.8,28,36.1,98,37401,-54.1
2088,237.7,-43.7,29,36.3,98,37386,-53.9
2090,237.9,-43.6,29,36.4,98,37371,-53.8
2092,238,-43.4,29,36.4,98,37357,-53.7
2094,238.2,-43.3,29,36.5,98,37342,-53.6
2096,238.3,-43.2,29,36.5,98,37327,-53.4
2098,238.5,-43,29,36.5,98,37312,-53.2
2100,238.7,-42.7,30,36.5,97,37298,-52.8
2102,239.6,-42.4,30,36.5,97,37283,-52.4
2104,240.5,-42.1,30,36.6,97,37187,-52.1
2106,241.4,-41.8,31,36.6,97,37045,-51.7
2108,243,-41.5,31,36.6,97,36902,-51.3
2110,244.5,-41.2,31,36.6,96,36759,-51
2112,246.1,-40.9,31,36.6,96,36617,-50.7
2114,247.7,-40.5,31,36.5,96,36474,-50.3
2116,249.3,-40.1,32,36.4,96,36332,-49.8
2118,250.9,-39.7,32,36.3,95,36189,-49.4
2120,252.5,-39.3,32,36.3,95,36046,-49
2122,254.1,-38.9,32,36.2,95,35904,-48.6
2124,255.7,-38.5,32,36.1,94,35761,-48.2
2126,257.3,-38.1,32,36.1,94,35619,-47.8
2128,259,-37.8,33,36,94,35476,-47.4
2130,260.6,-37.4,33,36,94,35333,-47.1
2132,262.3,-37,33,36,93,35191,-46.7
2134,263.9,-36.6,33,36,93,35048,-46.3
2136,265.6,-36.3,33,36,93,34907,-45.9
2138,267.2,-35.9,33,36.1,93,34767,-45.6
2140,268.8,-35.5,33,36.1,92,34628,-45.2
2142,270.5,-35.2,33,36.1,92,34489,-44.9
2144,272.2,-34.9,34,36.1,92,34350,-44.5
2146,273.8,-34.6,34,36.2,92,34210,-44.2
2148,275.5,-34.2,34,36.2,91,34071,-43.9
2150,277.2,-33.9,34,36.2,91,33932,-43.5
2152,278.8,-33.6,35,35.6,91,33792,-43.1
2154,280.5,-33.3,35,34.9,92,33653,-42.6
2156,282.2,-33,36,34.3,92,33514,-42.2
2158,284,-32.7,37,33.7,92,33375,-41.7
2160,285.7,-32.4,38,33,92,33235,-41.3
2162,287.4,-32.1,38,32.4,93,33096,-40.8
2164,289.1,-31.8,39,31.7,93,32957,-40.4
2166,290.9,-31.5,39,31.1,93,32818,-40
2168,292.6,-31.2,40,30.5,93,32679,-39.7
2170,294.3,-30.9,40,29.8,94,32547,-39.4
2172,296,-30.6,40,30,94,32414,-39
2174,297.7,-30.3,40,30.1,94,32281,-38.7
2176,299.4,-30,41,30.2,94,32148,-38.4
