11000,0.0,0.0,0.0,31.73,100232.0,91.4,32.01,60.09,0.01,0.02,-3.13,0.0,-0.0,0.0,0.0,0.0,0.0,0.0,0.0,0.0,0.0,0.0,b'00:1:1:0:46:57:113\r\n'
11001,0.0,0.0,0.0,31.74,100232.0,91.4,32.01,60.1,0.01,0.02,-3.13,0.0,-0.0,0.0,0.0,0.0,0.0,0.0,0.0,0.0,0.0,0.0,b'00:1:1:0:46:57:216\r\n'
11002,0.0,0.0,0.0,31.74,100231.0,91.48,32.01,60.07,0.01,0.02,-3.13,-0.0,-0.0,-0.0,0.0,0.0,0.0,0.0,0.0,0.0,0.0,0.0,b'00:1:1:0:46r57:335\r\n'
11003,0.0,0.0,0.0,31.73,100229.0,91.65,32.01,60.07,0.01,0.02,-3.13,-0.0,-0.0,-0.0,0.0,0.0,0.0,0.0,0.0,0.0,0.0,0.0,b'00:1:1:0:46:57:439\r\n'
11004,0.0,0.0,0.0,31.74,100231.0,91.48,32.01,60.07,0.01,0.02,-3.13,-0.0,-0.0,-0.0,0.0,0.0,0.0,0.0,0.0,0.0,0.0,0.0,b'00:1:1:0:46:57:555\r\n'
11005,0.0,0.0,0.0,31.73,100231.0,91.48,32.01,60.08,0.01,0.02,-3.13,-0.0,0.0,0.0,0.0,0.0,0.0,0.0,0.0,0.0,0.0,0.0,b'00:1:1:0:46:57:884\r\n'
11006,0.0,0.0,0.0,31.73,100232.0,91.4,32.01,60.08,0.01,0.02,-3.13,-0.0,0.0,0.0,0.0,0.0,0.0,0.0,0.0,0.0,0.0,0.0,b'00:1:1:0:46:58:0\r\n'
11007,0.0,0.0,0.0,31.74,100229.0,91.65,32.02,60.09,0.01,0.02,-3.13,-0.0,0.0,0.0,0.0,0.0,0.0,0.0,0.0,0.0,0.0,0.0,b'0 :1:1:0:46:58:102\r\n'
11008,0.0,0.0,0.0,31.74,100231.0,91.48,32.01,60.08,0.01,0.02,-3.13,0.0,0.0,-0.0,0.0,0.0,0.0,0.0,0.0,0.0,0.0,0.0,b'00:1:1:0:46:58v324\r\n'
11009,0.0,0.0,0.0,31.74,100227.0,91.82,32.02,60.06,0.01,0.02,-3.13,0.0,0.0,-0.0,0.0,0.0,0.0,0.0,0.0,0.0,0.0,0.0,b'00:1:1:0:46:58:547\r\n'
11010,0.0,0.0,0.0,31.73,100231.0,91.48,32.01,60.08,0.01,0.02,-3.13,0.0,0.0,-0.0,0.0,0.0,0.0,0.0,0.0,0.0,0.0,0.0,b'00:1:1:0:46:58:662\r\n'
11011,0.0,0.0,0.0,31.74,100226.0,91.9,32.01,60.09,0.01,0.02,-3.13,0.0,-0.0,-0.0,0.0,0.0,0.0,0.0,0.0,0.0,0.0,0.0,b'00:1:1:0:46:58:884\r\n'
11012,0.0,0.0,0.0,31.74,100218.0,92.57,32.01,60.08,0.01,0.02,-3.13,0.0,-0.0,-0.0,0.0,0.0,0.0,0.0,0.0,0.0,0.0,0.0,b'00:1:1:0:46:58:991\r\n'
11013,0.0,0.0,0.0,31.74,100231.0,91.48,32.01,60.08,0.01,0.02,-3.13,0.0,-0.0,-0.0,0.0,0.0,0.0,0.0,0.0,0.0,0.0,0.0,b'00:1:1:0:46:59:107\r\n'
11014,0.0,0.0,0.0,31.74,100232.0,91.4,32.01,60.08,0.01,0.02,-3.13,0.0,-0.0,-0.0,0.0,0.0,0.0,0.0,0.0,0.0,0.0,0.0,b'00:1:1:0:46:59:330\r\n'
11015,0.0,0.0,0.0,31.73,100228.0,91.73,32.01,60.09,0.01,0.02,-3.13,0.0,-0.0,-0.0,0.0,0.0,0.0,0.0,0.0,0.0,0.0,0.0,b'00:1:1:0:46:59:434\r\n'
11016,0.0,0.0,0.0,31.74,100231.0,91.48,32.02,60.06,0.01,0.02,-3.13,0.0,-0.0,-0.0,0.0,0.0,0.0,0.0,0.0,0.0,0.0,0.0,b'00:1:1:0:46:59:657\r\n'
11017,0.0,0.0,0.0,31.73,100234.0,91.23,32.01,60.07,0.01,0.02,-3.13,-0.0,-0.0,0.0,0.0,0.0,0.0,0.0,0.0,0.0,0.0,0.0,b'00:1:1:0:46:59:776\r\n'
11018,0.0,0.0,0.0,31.74,100232.0,91.4,32.02,60.08,0.01,0.02,-3.13,-0.0,-0.0,0.0,0.0,0.0,0.0,0.0,0.0,0.0,0.0,0.0,b'00:1:1:0:46:59:880\r\n'
11019,0.0,0.0,0.0,31.74,100227.0,91.82,32.02,60.08,0.01,0.02,-3.13,-0.0,-0.0,0.0,0.0,0.0,0.0,0.0,0.0,0.0,0.0,0.0,b'00:1:1:0:47:0:103\r\n'
11020,0.0,0.0,0.0,31.74,100233.0,91.31,32.01,60.09,0.01,0.02,-3.13,0.0,-0.0,-0.0,0.0,0.0,0.0,0.0,0.0,0.0,0.0,0.0,b'00:1:1:0:47:0:325\r\n'
11021,0.0,0.0,0.0,31.73,100231.0,91.48,32.02,60.08,0.01,0.02,-3.13,0.0,-0.0,-0.0,0.0,0.0,0.0,0.0,0.0,0.0,0.0,0.0,b'00:1:1:0:47:0:544\r\n'
11022,0.0,0.0,0.0,31.74,100228.0,91.73,32.01,60.07,0.01,0.02,-3.13,0.0,-0.0,-0.0,0.0,0.0,0.0,0.0,0.0,0.0,0.0,0.0,b'00:1:1:0:47:0:663\r\n'
11023,0.0,0.0,0.0,31.74,100231.0,91.48,32.02,60.07,0.01,0.02,-3.13,0.0,-0.0,0.0,0.0,0.0,0.0,0.0,0.0,0.0,0.0,0.0,b'00:1:1:0:47:0:766\r\n'
11024,0.0,0.0,0.0,31.74,100223.0,92.15,32.01,60.07,0.01,0.02,-3.13,0.0,-0.0,0.0,0.0,0.0,0.0,0.0,0.0,0.0,0.0,0.0,b'00:1:1:0:47:0:886\r\n'
11025,0.0,0.0,0.0,31.74,100227.0,91.82,32.02,60.08,0.01,0.02,-3.13,0.0,-0.0,0.0,0.0,0.0,0.0,0.0,0.0,0.0,0.0,0.0,b'00:1:1:0:47:0:989\r\n'
11026,0.0,0.0,0.0,31.74,100226.0,91.9,32.02,60.08,0.01,0.02,-3.13,0.0,-0.0,0.0,0.0,0.0,0.0,0.0,0.0,0.0,0.0,0.0,b'00:1:1:0:47:1:104\r\n'
11027,0.0,0.0,0.0,31.74,100233.0,91.31,32.02,60.07,0.01,0.02,-3.13,0.0,-0.0,0.0,0.0,0.0,0.0,0.0,0.0,0.0,0.0,0.0,b'00:1:1:0:47:1:210\r\n'
11028,0.0,0.0,0.0,31.74,100232.0,91.4,32.01,60.09,0.01,0.02,-3.13,-0.0,0.0,0.0,0.0,0.0,0.0,0.0,0.0,0.0,0.0,0.0,b'00:1:1:0:47:1:325\r\n'
11029,0.0,0.0,0.0,31.74,100229.0,91.65,32.02,60.09,0.01,0.02,-3.13,-0.0,0.0,0.0,0.0,0.0,0.0,0.0,0.0,0.0,0.0,0.0,b'00:1:1:0:47:1:432\r\n'
11030,0.0,0.0,0.0,31.74,100231.0,91.48,32.02,60.06,0.01,0.02,-3.13,-0.0,0.0,0.0,0.0,0.0,0.0,0.0,0.0,0.0,0.0,0.0,b'00:1:1:0:47:1:548\r\n'
11031,0.0,0.0,0.0,31.74,100231.0,91.48,32.02,60.07,0.01,0.02,-3.13,-0.0,0.0,0.0,0.0,0.0,0.0,0.0,0.0,0.0,0.0,0.0,b'00:1:1:0:47:1:654\r\n'
11032,0.0,0.0,0.0,31.74,100231.0,91.48,32.02,60.07,0.01,0.02,-3.13,-0.0,0.0,0.0,0.0,0.0,0.0,0.0,0.0,0.0,0.0,0.0,b'00:1:1:0:47:1:872\r\n'
11033,0.0,0.0,0.0,31.73,100220.0,92.41,32.01,60.05,0.01,0.02,-3.13,-0.0,0.0,0.0,0.0,0.0,0.0,0.0,0.0,0.0,0.0,0.0,b'00:1:1:0:47:1:991\r\n'
11034,0.0,0.0,0.0,31.74,100230.0,91.57,32.02,60.04,0.01,0.02,-3.13,-0.0,0.0,0.0,0.0,0.0,0.0,0.0,0.0,0.0,0.0,0.0,b'00:1:1:0:47:2:94\r\n'
11035,0.0,0.0,0.0,31.74,100230.0,91.57,32.01,60.05,0.01,0.02,-3.13,-0.0,0.0,0.0,0.0,0.0,0.0,0.0,0.0,0.0,0.0,0.0,b'00:1:1:0:47:2:213\r\n'
11036,0.0,0.0,0.0,31.74,100231.0,91.48,32.01,60.01,0.01,0.02,-3.13,0.0,-0.0,0.0,0.0,0.0,0.0,0.0,0.0,0.0,0.0,0.0,b'00:1:1:0:47:2:432\r\n'
11037,0.0,0.0,0.0,31.74,100229.0,91.65,32.02,60.04,0.01,0.02,-3.13,0.0,-0.0,0.0,0.0,0.0,0.0,0.0,0.0,0.0,0.0,0.0,b'00:1:1:0:47:2:539\r\n'
11038,0.0,0.0,0.0,31.74,100232.0,91.4,32.01,60.03,0.01,0.02,-3.13,0.0,-0.0,0.0,0.0,0.0,0.0,0.0,0.0,0.0,0.0,0.0,b'00:1:1:0:47:2:654\r\n'
11039,0.0,0.0,0.0,31.74,100232.0,91.4,32.01,60.02,0.01,0.02,-3.13,0.0,0.0,0.0,0.0,0.0,0.0,0.0,0.0,0.0,0.0,0.0,b'00:1:1:0:47:2:876\r\n'
11040,0.0,0.0,0.0,31.74,100228.0,91.73,32.02,60.02,0.01,0.02,-3.13,0.0,0.0,0.0,0.0,0.0,0.0,0.0,0.0,0.0,0.0,0.0,b'00:1:1:0:47:2:979\r\n'
11041,0.0,0.0,0.0,31.74,100227.0,91.82,32.01,59.99,0.01,0.02,-3.13,0.0,0.0,0.0,0.0,0.0,0.0,0.0,0.0,0.0,0.0,0.0,b'00:1:1:0:47:3:98\r\n'
11042,0.0,0.0,0.0,31.74,100230.0,91.57,32.02,60.0,0.01,0.02,-3.13,0.0,0.0,0.0,0.0,0.0,0.0,0.0,0.0,0.0,0.0,0.0,b'00:1:1:0:47:3:200\r\n'
11043,0.0,0.0,0.0,31.74,100232.0,91.4,32.02,59.99,0.01,0.02,-3.13,-0.0,-0.0,0.0,0.0,0.0,0.0,0.0,0.0,0.0,0.0,0.0,b'00:1:1:0:47:3:423\r\n'
11044,0.0,0.0,0.0,31.73,100228.0,91.73,32.02,59.98,0.01,0.02,-3.13,-0.0,-0.0,0.0,0.0,0.0,0.0,0.0,0.0,0.0,0.0,0.0,b'00:1:1:0:47:3:645\r\n'
11045,0.0,0.0,0.0,31.74,100232.0,91.4,32.01,59.99,0.01,0.02,-3.13,-0.0,0.0,-0.0,0.0,0.0,0.0,0.0,0.0,0.0,0.0,0.0,b'00:1:1:0:47:3:760\r\n'
11046,0.0,0.0,0.0,31.74,100235.0,91.15,32.02,60.0,0.01,0.02,-3.13,-0.0,0.0,-0.0,0.0,0.0,0.0,0.0,0.0,0.0,0.0,0.0,b'00:1:1:0:47:3:867\r\n'
11047,0.0,0.0,0.0,31.74,100230.0,91.57,32.02,59.99,0.01,0.02,-3.13,-0.0,0.0,-0.0,0.0,0.0,0.0,0.0,0.0,0.0,0.0,0.0,b'00:1:1:0:47:3:98#\r\n'
11048,0.0,0.0,0.0,31.74,100230.0,91.57,32.02,59.99,0.01,0.02,-3.13,-0.0,0.0,-0.0,0.0,0.0,0.0,0.0,0.0,0.0,0.0,0.0,b'`0:1:1:0:47:4:86\r\n'
11049,0.0,0.0,0.0,31.74,100229.0,91.65,32.01,59.98,0.01,0.02,-3.13,-0.0,0.0,-0.0,0.0,0.0,0.0,0.0,0.0,0.0,0.0,0.0,b'00:1:1:0:47:4:205\r\n'
11050,0.0,0.0,0.0,31.73,100226.0,91.9,31.99,59.97,0.01,0.02,-3.13,0.0,-0.0,-0.0,0.0,0.0,0.0,0.0,0.0,0.0,0.0,0.0,b'00:1:1:0:47:4:370\r\n'
11051,0.0,0.0,0.0,31.73,100230.0,91.57,32.0,59.98,0.01,0.02,-3.13,0.0,-0.0,-0.0,0.0,0.0,0.0,0.0,0.0,0.0,0.0,0.0,b'00:1:1:0:47:4:488\r\n'
11052,0.0,0.0,0.0,31.74,100229.0,91.65,32.01,59.97,0.01,0.02,-3.13,0.0,-0.0,-0.0,0.0,0.0,0.0,0.0,0.0,0.0,0.0,0.0,b'00:1:1:0:47:4:591\r\n'
11053,0.0,0.0,0.0,31.74,100225.0,91.99,32.01,59.97,0.01,0.02,-3.13,-0.0,0.0,-0.0,0.0,0.0,0.0,0.0,0.0,0.0,0.0,0.0,b'00:1:1:0:47:4:928\r\n'
11054,0.0,0.0,0.0,31.74,100233.0,91.31,32.02,59.96,0.01,0.02,-3.13,-0.0,0.0,-0.0,0.0,0.0,0.0,0.0,0.0,0.0,0.0,0.0,b'00:1:1:0:47:5:35\r\n'
11055,0.0,0.0,0.0,31.73,100229.0,91.65,32.01,59.98,0.01,0.02,-3.13,-0.0,0.0,-0.0,0.0,0.0,0.0,0.0,0.0,0.0,0.0,0.0,b'00:1:1:0:47:5:150\r\n'
11056,0.0,0.0,0.0,31.74,100230.0,91.57,32.02,59.96,0.0,0.02,-3.13,-0.0,-0.0,0.0,0.0,0.0,0.0,0.0,0.0,0.0,0.0,0.0,b'00:1:1:0:47:5:258\r\n'
11057,0.0,0.0,0.0,31.73,100229.0,91.65,32.02,59.97,0.0,0.02,-3.13,-0.0,-0.0,0.0,0.0,0.0,0.0,0.0,0.0,0.0,0.0,0.0,b'00:1:1:0:47:5:374\r\n'
11058,0.0,0.0,0.0,31.73,100225.0,91.99,32.02,59.97,0.0,0.02,-3.13,-0.0,-0.0,0.0,0.0,0.0,0.0,0.0,0.0,0.0,0.0,0.0,b'00:1:1:0:47:5:477\r\n'
11059,0.0,0.0,0.0,31.73,100231.0,91.48,32.02,59.95,0.0,0.02,-3.13,-0.0,-0.0,0.0,0.0,0.0,0.0,0.0,0.0,0.0,0.0,0.0,b'00:1:1:0:47:5:596\r\n'
11060,0.0,0.0,0.0,31.74,100233.0,91.31,32.02,59.98,0.0,0.02,-3.13,-0.0,-0.0,0.0,0.0,0.0,0.0,0.0,0.0,0.0,0.0,0.0,b'00:1:1:0:47:5:699\r\n'
11061,0.0,0.0,0.0,31.74,100233.0,91.31,32.02,59.97,0.0,0.02,-3.13,0.0,0.0,0.0,0.0,0.0,0.0,0.0,0.0,0.0,0.0,0.0,b'00:1:1:0:47:5:818\r\n'
11062,0.0,0.0,0.0,31.74,100231.0,91.48,32.02,59.97,0.0,0.02,-3.13,0.0,0.0,0.0,0.0,0.0,0.0,0.0,0.0,0.0,0.0,0.0,b'00:1:1:0:47:5:921\r\n'
11063,0.0,0.0,0.0,31.74,100229.0,91.65,32.02,59.95,0.0,0.02,-3.13,0.0,0.0,0.0,0.0,0.0,0.0,0.0,0.0,0.0,0.0,0.0,b'00:1:1:0:47:6:36\r\n'
11064,0.0,0.0,0.0,31.74,100228.0,91.73,32.02,59.96,0.0,0.02,-3.13,0.0,0.0,0.0,0.0,0.0,0.0,0.0,0.0,0.0,0.0,0.0,b'00:1:1:0:47:6:142\r\n'
11065,0.0,0.0,0.0,31.74,100229.0,91.65,32.02,59.96,0.0,0.02,-3.13,-0.0,0.0,-0.0,0.0,0.0,0.0,0.0,0.0,0.0,0.0,0.0,b'00:1:1:0:47:6:257\r\n'
11066,0.0,0.0,0.0,31.74,100231.0,91.48,32.02,59.92,0.0,0.02,-3.13,-0.0,0.0,-0.0,0.0,0.0,0.0,0.0,0.0,0.0,0.0,0.0,b'00:1:1:0:47:6:364\r\n'
11067,0.0,0.0,0.0,31.73,100228.0,91.73,32.02,59.95,0.0,0.02,-3.13,-0.0,0.0,-0.0,0.0,0.0,0.0,0.0,0.0,0.0,0.0,0.0,b'00:1:1:0:47:6:480\r\n'
11068,0.0,0.0,0.0,31.74,100232.0,91.4,32.02,59.95,0.0,0.02,-3.13,-0.0,0.0,-0.0,0.0,0.0,0.0,0.0,0.0,0.0,0.0,0.0,b'00:1:1:0:47:6:583\r\n'
11069,0.0,0.0,0.0,31.74,100229.0,91.65,32.01,59.95,0.0,0.02,-3.13,-0.0,0.0,-0.0,0.0,0.0,0.0,0.0,0.0,0.0,0.0,0.0,b'00:1:1:0:47:6:702\r\n'
11070,0.0,0.0,0.0,31.74,100230.0,91.57,32.02,59.95,0.01,0.02,-3.13,-0.0,-0.0,-0.0,0.0,0.0,0.0,0.0,0.0,0.0,0.0,0.0,b'00:1:1:0:47:6:805\r\n'
11071,0.0,0.0,0.0,31.74,100233.0,91.31,32.02,59.94,0.01,0.02,-3.13,-0.0,-0.0,-0.0,0.0,0.0,0.0,0.0,0.0,0.0,0.0,0.0,b'00:1:1:0:47:6:925\r\n'
11072,0.0,0.0,0.0,31.74,100231.0,91.48,32.02,59.94,0.01,0.02,-3.13,-0.0,-0.0,-0.0,0.0,0.0,0.0,0.0,0.0,0.0,0.0,0.0,b'00:1:1:0:47:7:28\r\n'
11073,0.0,0.0,0.0,31.74,100228.0,91.73,32.02,59.94,0.01,0.02,-3.13,-0.0,-0.0,-0.0,0.0,0.0,0.0,0.0,0.0,0.0,0.0,0.0,b'00:1:1:0:47:7:143\r\n'
11074,0.0,0.0,0.0,31.74,100230.0,91.57,32.02,59.94,0.01,0.02,-3.13,-0.0,-0.0,-0.0,0.0,0.0,0.0,0.0,0.0,0.0,0.0,0.0,b'00:1:1:0:47:7:250\r\n'
11075,0.0,0.0,0.0,31.74,100231.0,91.48,32.02,59.93,0.01,0.02,-3.13,-0.0,-0.0,-0.0,0.0,0.0,0.0,0.0,0.0,0.0,0.0,0.0,b'00:1:1:0:47:7:366\r\n'
11076,0.0,0.0,0.0,31.74,100232.0,91.4,32.02,59.93,0.01,0.02,-3.13,-0.0,-0.0,-0.0,0.0,0.0,0.0,0.0,0.0,0.0,0.0,0.0,b'00:1:1:0:47:7:473\r\n'
11077,0.0,0.0,0.0,31.74,100228.0,91.73,32.02,59.93,0.01,0.02,-3.13,-0.0,-0.0,-0.0,0.0,0.0,0.0,0.0,0.0,0.0,0.0,0.0,b'00:1:1:0:47:7:588\r\n'
11078,0.0,0.0,0.0,31.74,100232.0,91.4,32.02,59.92,0.01,0.02,-3.13,-0.0,-0.0,-0.0,0.0,0.0,0.0,0.0,0.0,0.0,0.0,0.0,b'00:1:1:0:47:7:691\r\n'
11079,0.0,0.0,0.0,31.74,100230.0,91.57,32.02,59.93,0.01,0.02,-3.13,-0.0,0.0,-0.0,0.0,0.0,0.0,0.0,0.0,0.0,0.0,0.0,b'00:1:1:0:47:7:810\r\n'
11080,0.0,0.0,0.0,31.74,100231.0,91.48,32.02,59.93,0.01,0.02,-3.13,-0.0,0.0,-0.0,0.0,0.0,0.0,0.0,0.0,0.0,0.0,0.0,b'00:1:1:0:47:7:914\r\n'
11081,0.0,0.0,0.0,31.73,100232.0,91.4,32.02,59.94,0.01,0.02,-3.13,-0.0,0.0,-0.0,0.0,0.0,0.0,0.0,0.0,0.0,0.0,0.0,b'00:1:1:0:47:8:33\r\n'
11082,0.0,0.0,0.0,31.74,100229.0,91.65,32.02,59.92,0.01,0.02,-3.13,-0.0,0.0,-0.0,0.0,0.0,0.0,0.0,0.0,0.0,0.0,0.0,b'00:1:1:0:47:8:136\r\n'
11083,0.0,0.0,0.0,31.74,100229.0,91.65,32.01,59.92,0.01,0.02,-3.13,0.0,-0.0,-0.0,0.0,0.0,0.0,0.0,0.0,0.0,0.0,0.0,b'00:1:1:0:47:8:255\r\n'
11084,0.0,0.0,0.0,31.74,100231.0,91.48,32.02,59.94,0.01,0.02,-3.13,0.0,-0.0,-0.0,0.0,0.0,0.0,0.0,0.0,0.0,0.0,0.0,b'00:1:1:0:47:8:359\r\n'
11085,0.0,0.0,0.0,31.74,100233.0,91.31,32.02,59.92,0.01,0.02,-3.13,0.0,-0.0,-0.0,0.0,0.0,0.0,0.0,0.0,0.0,0.0,0.0,b' 0:1:1:0:47:8:475\r\n'
11086,0.0,0.0,0.0,31.73,100225.0,91.99,32.02,59.9,0.01,0.02,-3.13,-0.0,0.0,-0.0,0.0,0.0,0.0,0.0,0.0,0.0,0.0,0.0,b'00:1:1:0:47:8:919\r\n'
11087,0.0,0.0,0.0,31.74,100230.0,91.57,32.02,59.89,0.01,0.02,-3.13,-0.0,0.0,-0.0,0.0,0.0,0.0,0.0,0.0,0.0,0.0,0.0,b'00:1:1:0:47:9:22\r\n'
11088,0.0,0.0,0.0,31.74,100232.0,91.4,32.02,59.89,0.01,0.02,-3.13,-0.0,0.0,-0.0,0.0,0.0,0.0,0.0,0.0,0.0,0.0,0.0,b'00:1:1:0:47:9:141\r\n'
11089,0.0,0.0,0.0,31.74,100230.0,91.57,32.02,59.9,0.01,0.02,-3.13,0.0,0.0,-0.0,0.0,0.0,0.0,0.0,0.0,0.0,0.0,0.0,b'00:1:1:0:47:9:2$4\r\n'
11090,0.0,0.0,0.0,31.74,100233.0,91.31,32.02,59.87,0.01,0.02,-3.13,0.0,0.0,-0.0,0.0,0.0,0.0,0.0,0.0,0.0,0.0,0.0,b'00:1:1:0:47:9:363\r\n'
11091,0.0,0.0,0.0,31.73,100226.0,91.9,32.02,59.87,0.01,0.02,-3.13,0.0,0.0,-0.0,0.0,0.0,0.0,0.0,0.0,0.0,0.0,0.0,b'00:1:1:0:47:9:466\r\n'
11092,0.0,0.0,0.0,31.74,100229.0,91.65,32.02,59.85,0.01,0.02,-3.13,0.0,0.0,-0.0,0.0,0.0,0.0,0.0,0.0,0.0,0.0,0.0,b'00:1:1:0:47:9:581\r\n'
11093,0.0,0.0,0.0,31.74,100230.0,91.57,32.03,59.87,0.01,0.02,-3.13,0.0,0.0,-0.0,0.0,0.0,0.0,0.0,0.0,0.0,0.0,0.0,b'00:1:1:0:47:9:688\r\n'
11094,0.0,0.0,0.0,31.74,100233.0,91.31,32.02,59.87,0.01,0.02,-3.13,0.0,-0.0,-0.0,0.0,0.0,0.0,0.0,0.0,0.0,0.0,0.0,b'00:1:1:0:47:9:803\r\n'
11095,0.0,0.0,0.0,31.73,100230.0,91.57,32.02,59.86,0.01,0.02,-3.13,0.0,-0.0,-0.0,0.0,0.0,0.0,0.0,0.0,0.0,0.0,0.0,b'00:1:1:0:47:9:910\r\n'
11096,0.0,0.0,0.0,31.74,100233.0,91.31,32.02,59.88,0.01,0.02,-3.13,0.0,-0.0,-0.0,0.0,0.0,0.0,0.0,0.0,0.0,0.0,0.0,b'00:1:1:0:47:10:26\r\n'
11097,0.0,0.0,0.0,31.73,100230.0,91.57,32.02,59.85,0.01,0.02,-3.13,0.0,-0.0,-0.0,0.0,0.0,0.0,0.0,0.0,0.0,0.0,0.0,b'00:1:1:0:47:10:24x\r\n'
11098,0.0,0.0,0.0,31.73,100232.0,91.4,32.02,59.85,0.01,0.02,-3.13,0.0,-0.0,-0.0,0.0,0.0,0.0,0.0,0.0,0.0,0.0,0.0,b'00:1:1:0:47:10:472\r\n'
11099,0.0,0.0,0.0,31.74,100228.0,91.73,32.02,59.87,0.01,0.02,-3.13,0.0,-0.0,-0.0,0.0,0.0,0.0,0.0,0.0,0.0,0.0,0.0,b'00:1:1:0:47:10:575\r\n'
11100,0.0,0.0,0.0,31.74,100234.0,91.23,32.02,59.85,0.01,0.02,-3.13,0.0,-0.0,-0.0,0.0,0.0,0.0,0.0,0.0,0.0,0.0,0.0,b'00:1:1:0:47:10:694\r\n'
11101,0.0,0.0,0.0,31.74,100229.0,91.65,32.02,59.85,0.01,0.02,-3.13,-0.0,0.0,-0.0,0.0,0.0,0.0,0.0,0.0,0.0,0.0,0.0,b'00:1:1:0:47:10:797\r\n'
11102,0.0,0.0,0.0,31.74,100227.0,91.82,32.02,59.87,0.01,0.02,-3.13,-0.0,0.0,-0.0,0.0,0.0,0.0,0.0,0.0,0.0,0.0,0.0,b'00:1:1:0:47:10:913\r\n'
11103,0.0,0.0,0.0,31.74,100233.0,91.31,32.02,59.87,0.01,0.02,-3.13,-0.0,0.0,-0.0,0.0,0.0,0.0,0.0,0.0,0.0,0.0,0.0,b'00:1:1:0:47:11:20\r\n'
11104,0.0,0.0,0.0,31.73,100229.0,91.65,32.02,59.87,0.01,0.02,-3.13,-0.0,0.0,-0.0,0.0,0.0,0.0,0.0,0.0,0.0,0.0,0.0,b'00:1:1:0:47:11:135\r\n'
11105,0.0,0.0,0.0,31.74,100232.0,91.4,32.02,59.87,0.01,0.02,-3.13,0.0,-0.0,-0.0,0.0,0.0,0.0,0.0,0.0,0.0,0.0,0.0,b'00:1:1:0:47:11:242\r\n'
11106,0.0,0.0,0.0,31.74,100230.0,91.57,32.02,59.89,0.01,0.02,-3.13,0.0,-0.0,-0.0,0.0,0.0,0.0,0.0,0.0,0.0,0.0,0.0,b'00:1:1:0:47:11:358\r\n'
11107,0.0,0.0,0.0,31.73,100230.0,91.57,32.02,59.91,0.01,0.02,-3.13,0.0,-0.0,-0.0,0.0,0.0,0.0,0.0,0.0,0.0,0.0,0.0,b'00:1:1:0:47:11:461\r\n'
11108,0.0,0.0,0.0,31.73,100230.0,91.57,32.02,59.88,0.01,0.02,-3.13,0.0,-0.0,-0.0,0.0,0.0,0.0,0.0,0.0,0.0,0.0,0.0,b'00:1:1:0:47:11:580\r\n'
11109,0.0,0.0,0.0,31.73,100233.0,91.31,32.02,59.89,0.01,0.02,-3.13,-0.0,0.0,-0.0,0.0,0.0,0.0,0.0,0.0,0.0,0.0,0.0,b'00:1:1:0:47:11:802\r\n'
11110,0.0,0.0,0.0,31.73,100227.0,91.82,32.02,59.9,0.01,0.02,-3.13,-0.0,0.0,-0.0,0.0,0.0,0.0,0.0,0.0,0.0,0.0,0.0,b'00:1:1:0:47:12:22\r\n'
11111,0.0,0.0,0.0,31.73,100229.0,91.65,32.02,59.89,0.01,0.02,-3.13,-0.0,0.0,-0.0,0.0,0.0,0.0,0.0,0.0,0.0,0.0,0.0,b'00:1:1:0:47:12:128\r\n'
11112,0.0,0.0,0.0,31.73,100231.0,91.48,32.02,59.9,0.01,0.02,-3.13,-0.0,0.0,-0.0,0.0,0.0,0.0,0.0,0.0,0.0,0.0,0.0,b'00:1:1:0:47:12:243\r\n'
11113,0.0,0.0,0.0,31.73,100228.0,91.73,32.02,59.91,0.01,0.02,-3.13,-0.0,0.0,-0.0,0.0,0.0,0.0,0.0,0.0,0.0,0.0,0.0,b'00:1:1:0:47:12:466\r\n'
11114,0.0,0.0,0.0,31.73,100235.0,91.15,32.02,59.9,0.01,0.02,-3.13,-0.0,0.0,-0.0,0.0,0.0,0.0,0.0,0.0,0.0,0.0,0.0,b'00:1:1:0:47:12:569\r\n'
11115,0.0,0.0,0.0,31.73,100233.0,91.31,32.02,59.92,0.01,0.02,-3.13,-0.0,0.0,-0.0,0.0,0.0,0.0,0.0,0.0,0.0,0.0,0.0,b'00:1:1:0:47:12:688\r\n'
11116,0.0,0.0,0.0,31.73,100230.0,91.57,32.02,59.92,0.01,0.02,-3.13,-0.0,-0.0,0.0,0.0,0.0,0.0,0.0,0.0,0.0,0.0,0.0,b'00:1:1:0:47:12:791\r\n'
11117,0.0,0.0,0.0,31.73,100233.0,91.31,32.02,59.94,0.01,0.02,-3.13,-0.0,-0.0,0.0,0.0,0.0,0.0,0.0,0.0,0.0,0.0,0.0,b'00:1:1:0:47:12:911\r\n'
11118,0.0,0.0,0.0,31.73,100231.0,91.48,32.03,59.94,0.01,0.02,-3.13,-0.0,-0.0,0.0,0.0,0.0,0.0,0.0,0.0,0.0,0.0,0.0,b'00:1:1:0:47:13:236\r\n'
11119,0.0,0.0,0.0,31.73,100234.0,91.23,32.02,59.93,0.01,0.02,-3.13,-0.0,-0.0,0.0,0.0,0.0,0.0,0.0,0.0,0.0,0.0,0.0,b'00:1:1:0:47:13:352\r\n'
11120,0.0,0.0,0.0,31.73,100226.0,91.9,32.02,59.93,0.01,0.02,-3.13,-0.0,-0.0,0.0,0.0,0.0,0.0,0.0,0.0,0.0,0.0,0.0,b'00:1:1:0:47:13:459\r\n'
11121,b''
2,0.0,0.0,0.0,31.94,100144.0,98.79,32.15,61.77,0.0,0.0,0.0,0.0,0.0,0.0,0.0,0.0,0.0,0.0,0.0,0.0,0.0,0.0,b'0165:85:165:25:165:165:20461\r\n'
3,0.0,0.0,0.0,31.94,100142.0,98.96,32.16,61.76,0.0,0.0,0.0,0.0,0.0,0.0,0.0,0.0,0.0,0.0,0.0,0.0,0.0,0.0,b'0165:85:165:25:165:165:20683\r\n'
4,0.0,0.0,0.0,31.95,100144.0,98.79,32.16,61.75,0.0,0.0,0.0,0.0,0.0,0.0,0.0,0.0,0.0,0.0,0.0,0.0,0.0,0.0,b'0165:85:165:25:165:165:20791\r\n'
5,0.0,0.0,0.0,31.95,100144.0,98.79,32.17,61.75,0.0,0.0,0.0,0.0,0.0,0.0,0.0,0.0,0.0,0.0,0.0,0.0,0.0,0.0,b'0165:85:165:25:165:165:20907\r\n'
6,0.0,0.0,0.0,31.95,100141.0,99.04,32.17,61.75,0.0,0.0,0.0,0.0,0.0,0.0,0.0,0.0,0.0,0.0,0.0,0.0,0.0,0.0,b'0165:85:165:25:165:165:21011\r\n'
7,0.0,0.0,0.0,31.94,100144.0,98.79,32.14,61.74,0.0,0.0,0.0,0.0,0.0,0.0,0.0,0.0,0.0,0.0,0.0,0.0,0.0,0.0,b'0165:85:165:25:165:165:21189\r\n'
8,0.0,0.0,0.0,31.94,100142.0,98.96,32.16,61.72,0.0,0.0,0.0,0.0,0.0,0.0,0.0,0.0,0.0,0.0,0.0,0.0,0.0,0.0,b'0165:85:165:25:165:165:21293\r\n'
9,0.0,0.0,0.0,31.94,100144.0,98.79,32.16,61.72,0.0,0.0,0.0,0.0,0.0,0.0,0.0,0.0,0.0,0.0,0.0,0.0,0.0,0.0,b'0165:85:165:25:165:165:21413\r\n'
10,0.0,0.0,0.0,31.95,100141.0,99.04,32.17,61.72,0.0,0.0,0.0,0.0,0.0,0.0,0.0,0.0,0.0,0.0,0.0,0.0,0.0,0.0,b'0165:85:165:25:165:165:21517\r\n'
11,0.0,0.0,0.0,31.94,100143.0,98.87,32.17,61.71,0.0,0.0,0.0,0.0,0.0,0.0,0.0,0.0,0.0,0.0,0.0,0.0,0.0,0.0,b'0165:85:165:25:165:165:21637\r\n'
12,0.0,0.0,0.0,31.95,100142.0,98.96,32.18,61.69,0.0,0.0,0.0,0.0,0.0,0.0,0.0,0.0,0.0,0.0,0.0,0.0,0.0,0.0,b'0165:85:165:25:165:165:21741\r\n'
13,0.0,0.0,0.0,31.94,100138.0,99.3,32.17,61.69,0.0,0.0,0.0,0.0,0.0,0.0,0.0,0.0,0.0,0.0,0.0,0.0,0.0,0.0,b'0165:85:165:25:165:165:21857\r\n'
14,0.0,0.0,0.0,31.95,100144.0,98.79,32.18,61.7,0.0,0.0,0.0,0.0,0.0,0.0,0.0,0.0,0.0,0.0,0.0,0.0,0.0,0.0,b'0165:85:165:25:165:165:21965\r\n'
15,0.0,0.0,0.0,31.93,100141.0,99.04,32.15,61.68,0.0,0.0,0.0,0.0,0.0,0.0,0.0,0.0,0.0,0.0,0.0,0.0,0.0,0.0,b'0165:85:165:25:165:165:22142\r\n'
16,0.0,0.0,0.0,31.94,100144.0,98.79,32.17,61.68,0.0,0.0,0.0,0.0,0.0,0.0,0.0,0.0,0.0,0.0,0.0,0.0,0.0,0.0,b'0165:85:165:25:165:165:22365\r\n'
17,0.0,0.0,0.0,31.94,100142.0,98.96,32.18,61.67,0.0,0.0,0.0,0.0,0.0,0.0,0.0,0.0,0.0,0.0,0.0,0.0,0.0,0.0,b'0165:85:165:25:165:165:22472\r\n'
18,0.0,0.0,0.0,31.94,100144.0,98.79,32.18,61.67,0.0,0.0,0.0,0.0,0.0,0.0,0.0,0.0,0.0,0.0,0.0,0.0,0.0,0.0,b'0165:85:165:25:165:165:22692\r\n'
19,0.0,0.0,0.0,31.94,100145.0,98.71,32.19,61.66,0.0,0.0,0.0,0.0,0.0,0.0,0.0,0.0,0.0,0.0,0.0,0.0,0.0,0.0,b'0165:85:165:25:165:165:23036\r\n'
20,0.0,0.0,0.0,31.93,100141.0,99.04,32.16,61.63,0.0,0.0,0.0,0.0,0.0,0.0,0.0,0.0,0.0,0.0,0.0,0.0,0.0,0.0,b'0165:85:165:25:165:165:23200\r\n'
21,0.0,0.0,0.0,31.93,100142.0,98.96,32.17,61.64,0.0,0.0,0.0,0.0,0.0,0.0,0.0,0.0,0.0,0.0,0.0,0.0,0.0,0.0,b'0165:85:165:25:165:165:23320\r\n'
22,0.0,0.0,0.0,31.94,100141.0,99.04,32.18,61.63,0.0,0.0,0.0,0.0,0.0,0.0,0.0,0.0,0.0,0.0,0.0,0.0,0.0,0.0,b'0165:85:165:25:165:165:23763\r\n'
23,0.0,0.0,0.0,31.94,100144.0,98.79,32.19,61.64,0.0,0.0,0.0,0.0,0.0,0.0,0.0,0.0,0.0,0.0,0.0,0.0,0.0,0.0,b'0165:85:165:25:165:165:23987\r\n'
24,0.0,0.0,0.0,31.93,100142.0,98.96,32.17,61.63,0.0,0.0,0.0,0.0,0.0,0.0,0.0,0.0,0.0,0.0,0.0,0.0,0.0,0.0,b'0165:85:165:25:165:165:24151\r\n'
25,0.0,0.0,0.0,31.93,100145.0,98.71,32.17,61.63,0.0,0.0,0.0,0.0,0.0,0.0,0.0,0.0,0.0,0.0,0.0,0.0,0.0,0.0,b'0165:85:165:25:165:165:24271\r\n'
26,0.0,0.0,0.0,31.94,100142.0,98.96,32.19,61.62,0.0,0.0,0.0,0.0,0.0,0.0,0.0,0.0,0.0,0.0,0.0,0.0,0.0,0.0,b'0165:85:165:25:165:165:24375\r\n'
27,0.0,0.0,0.0,31.94,100142.0,98.96,32.19,61.67,0.0,0.0,0.0,0.0,0.0,0.0,0.0,0.0,0.0,0.0,0.0,0.0,0.0,0.0,b'0165:85:165:25:165:165:24719\r\n'
28,0.0,0.0,0.0,31.94,100142.0,98.96,32.2,61.7,0.0,0.0,0.0,0.0,0.0,0.0,0.0,0.0,0.0,0.0,0.0,0.0,0.0,0.0,b'0165:85:165:25:165:165:24823\r\n'
29,0.0,0.0,0.0,31.94,100143.0,98.87,32.2,61.69,0.0,0.0,0.0,0.0,0.0,0.0,0.0,0.0,0.0,0.0,0.0,0.0,0.0,0.0,b'0165:85:165:25:165:165:25047\r\n'
30,0.0,0.0,0.0,31.92,100144.0,98.79,32.17,61.68,0.0,0.0,0.0,0.0,0.0,0.0,0.0,0.0,0.0,0.0,0.0,0.0,0.0,0.0,b'0165:85:165:25:165:165:25223\r\n'
31,0.0,0.0,0.0,31.93,100143.0,98.87,32.19,61.67,0.0,0.0,0.0,0.0,0.0,0.0,0.0,0.0,0.0,0.0,0.0,0.0,0.0,0.0,b'0165:85:165:25:165:165:25330\r\n'
32,0.0,0.0,0.0,31.93,100142.0,98.96,32.2,61.65,0.0,0.0,0.0,0.0,0.0,0.0,0.0,0.0,0.0,0.0,0.0,0.0,0.0,0.0,b'0165:85:165:25:165:165:25893\r\n'
33,0.0,0.0,0.0,31.93,100139.0,99.21,32.21,61.62,0.0,0.0,0.0,0.0,0.0,0.0,0.0,0.0,0.0,0.0,0.0,0.0,0.0,0.0,b'0165:85:165:25:165:165:25997\r\n'
34,0.0,0.0,0.0,31.93,100145.0,98.71,32.21,61.63,0.0,0.0,0.0,0.0,0.0,0.0,0.0,0.0,0.0,0.0,0.0,0.0,0.0,0.0,b'0165:85:165:25:165:165:26117\r\n'
35,0.0,0.0,0.0,31.92,100142.0,98.96,32.18,61.6,0.0,0.0,0.0,0.0,0.0,0.0,0.0,0.0,0.0,0.0,0.0,0.0,0.0,0.0,b'0165:85:165:25:165:165:26281\r\n'
36,0.0,0.0,0.0,31.92,100140.0,99.13,32.21,61.59,0.0,0.0,0.0,0.0,0.0,0.0,0.0,0.0,0.0,0.0,0.0,0.0,0.0,0.0,b'0165:85:165:25:165:165:26844\r\n'
37,0.0,0.0,0.0,31.92,100143.0,98.87,32.21,61.56,0.0,0.0,0.0,0.0,0.0,0.0,0.0,0.0,0.0,0.0,0.0,0.0,0.0,0.0,b'0165:85:165:25:165:165:26951\r\n'
38,0.0,0.0,0.0,31.92,100144.0,98.79,32.21,61.58,0.0,0.0,0.0,0.0,0.0,0.0,0.0,0.0,0.0,0.0,0.0,0.0,0.0,0.0,b'0165:85:165:25:165:165:27067\r\n'
39,0.0,0.0,0.0,31.91,100143.0,98.87,32.18,61.57,0.0,0.0,0.0,0.0,0.0,0.0,0.0,0.0,0.0,0.0,0.0,0.0,0.0,0.0,b'0165:85:165:25:165:165:27233\r\n'
40,0.0,0.0,0.0,31.91,100144.0,98.79,32.2,61.57,0.0,0.0,0.0,0.0,0.0,0.0,0.0,0.0,0.0,0.0,0.0,0.0,0.0,0.0,b'0165:85:165:25:165:165:27349\r\n'
41,0.0,0.0,0.0,31.92,100143.0,98.87,32.21,61.58,0.0,0.0,0.0,0.0,0.0,0.0,0.0,0.0,0.0,0.0,0.0,0.0,0.0,0.0,b'0165:85:165:25:165:165:27797\r\n'
42,0.0,0.0,0.0,31.92,100144.0,98.79,32.22,61.56,0.0,0.0,0.0,0.0,0.0,0.0,0.0,0.0,0.0,0.0,0.0,0.0,0.0,0.0,b'0165:85:165:25:165:165:27901\r\n'
43,0.0,0.0,0.0,31.92,100144.0,98.79,32.22,61.56,0.0,0.0,0.0,0.0,0.0,0.0,0.0,0.0,0.0,0.0,0.0,0.0,0.0,0.0,b'0165:85:165:25:165:165:28017\r\n'
44,0.0,0.0,0.0,31.91,100142.0,98.96,32.19,61.56,0.0,0.0,0.0,0.0,0.0,0.0,0.0,0.0,0.0,0.0,0.0,0.0,0.0,0.0,b'0165:85:165:25:165:165:28305\r\n'
45,0.0,0.0,0.0,31.91,100143.0,98.87,32.21,61.56,0.0,0.0,0.0,0.0,0.0,0.0,0.0,0.0,0.0,0.0,0.0,0.0,0.0,0.0,b'0165:85:165:25:165:165:28412\r\n'
46,0.0,0.0,0.0,31.91,100141.0,99.04,32.21,61.54,0.0,0.0,0.0,0.0,0.0,0.0,0.0,0.0,0.0,0.0,0.0,0.0,0.0,0.0,b'0165:85:165:25:165:165:28528\r\n'
47,0.0,0.0,0.0,31.91,100143.0,98.87,32.22,61.54,0.0,0.0,0.0,0.0,0.0,0.0,0.0,0.0,0.0,0.0,0.0,0.0,0.0,0.0,b'0165:85:165:25:165:165:28752\r\n'
48,0.0,0.0,0.0,31.92,100144.0,98.79,32.23,61.54,0.0,0.0,0.0,0.0,0.0,0.0,0.0,0.0,0.0,0.0,0.0,0.0,0.0,0.0,b'0165:85:165:25:165:165:28856\r\n'
49,0.0,0.0,0.0,31.92,100144.0,98.79,32.22,61.52,0.0,0.0,0.0,0.0,0.0,0.0,0.0,0.0,0.0,0.0,0.0,0.0,0.0,0.0,b'0165:85:165:25:165:165:28976\r\n'
50,0.0,0.0,0.0,31.92,100143.0,98.87,32.23,61.53,0.0,0.0,0.0,0.0,0.0,0.0,0.0,0.0,0.0,0.0,0.0,0.0,0.0,0.0,b'0165:85:165:25:165:165:29080\r\n'
51,0.0,0.0,0.0,31.9,100141.0,99.04,32.19,61.51,0.0,0.0,0.0,0.0,0.0,0.0,0.0,0.0,0.0,0.0,0.0,0.0,0.0,0.0,b'0165:85:165:25:165:165:29258\r\n'
52,0.0,0.0,0.0,31.91,100141.0,99.04,32.23,61.51,0.0,0.0,0.0,0.0,0.0,0.0,0.0,0.0,0.0,0.0,0.0,0.0,0.0,0.0,b'0165:85:165:25:165:165:29586\r\n'
53,0.0,0.0,0.0,31.91,100141.0,99.04,32.22,61.5,0.0,0.0,0.0,0.0,0.0,0.0,0.0,0.0,0.0,0.0,0.0,0.0,0.0,0.0,b'0165:85:165:25:165:165:29702\r\n'
54,0.0,0.0,0.0,31.91,100143.0,98.87,32.23,61.49,0.0,0.0,0.0,0.0,0.0,0.0,0.0,0.0,0.0,0.0,0.0,0.0,0.0,0.0,b'0165:85:165:25:165:165:29810\r\n'
55,0.0,0.0,0.0,31.91,100140.0,99.13,32.23,61.49,0.0,0.0,0.0,0.0,0.0,0.0,0.0,0.0,0.0,0.0,0.0,0.0,0.0,0.0,b'0165:85:165:25:165:165:30149\r\n'
56,0.0,0.0,0.0,31.89,100139.0,99.21,32.18,61.46,0.0,0.0,0.0,0.0,0.0,0.0,0.0,0.0,0.0,0.0,0.0,0.0,0.0,0.0,b'0165:85:165:25:165:165:30391\r\n'
57,0.0,0.0,0.0,31.9,100141.0,99.04,32.2,61.46,0.0,0.0,0.0,0.0,0.0,0.0,0.0,0.0,0.0,0.0,0.0,0.0,0.0,0.0,b'0165:85:165:25:165:165:30495\r\n'
58,0.0,0.0,0.0,31.9,100142.0,98.96,32.21,61.45,0.0,0.0,0.0,0.0,0.0,0.0,0.0,0.0,0.0,0.0,0.0,0.0,0.0,0.0,b'0165:85:165:25:165:165:30611\r\n'
59,0.0,0.0,0.0,31.91,100141.0,99.04,32.22,61.44,0.0,0.0,0.0,0.0,0.0,0.0,0.0,0.0,0.0,0.0,0.0,0.0,0.0,0.0,b'0165:85:165:25:16a:165:30833\r\n'
2,0.0,0.0,0.0,31.77,99942.0,115.78,32.12,62.9,0.0,0.0,0.0,0.0,0.0,0.0,0.0,0.0,0.0,0.0,0.0,0.0,0.0,0.0,b'022:5:22:15:57:16:147\r\n'
3,0.0,0.0,0.0,31.77,99947.0,115.36,32.12,62.92,0.0,0.0,0.0,0.0,0.0,0.0,0.0,0.0,0.0,0.0,0.0,0.0,0.0,0.0,b'022:5:22:15:57:16:266\r\n'
4,0.0,0.0,0.0,31.77,99944.0,115.61,32.13,62.9,0.0,0.0,0.0,0.0,0.0,0.0,0.0,0.0,0.0,0.0,0.0,0.0,0.0,0.0,b'022:5:22:15:57:16:369\r\n'
5,0.0,0.0,0.0,31.77,99944.0,115.61,32.12,62.9,0.0,0.0,0.0,0.0,0.0,0.0,0.0,0.0,0.0,0.0,0.0,0.0,0.0,0.0,b'022:5:22:15:57:16:488\r\n'
6,0.0,0.0,0.0,31.75,99946.0,115.45,32.08,62.9,0.0,0.0,0.0,0.0,0.0,0.0,0.0,0.0,0.0,0.0,0.0,0.0,0.0,0.0,b'022:5:22:15:57:16:830\r\n'
7,0.0,0.0,0.0,31.76,99943.0,115.7,32.1,62.9,0.0,0.0,0.0,0.0,0.0,0.0,0.0,0.0,0.0,0.0,0.0,0.0,0.0,0.0,b'022:5:22:15:57:16:936\r\n'
8,0.0,0.0,0.0,31.77,99945.0,115.53,32.1,62.91,0.0,0.0,0.0,0.0,0.0,0.0,0.0,0.0,0.0,0.0,0.0,0.0,0.0,0.0,b'022:5:22:15:57:17:51\r\n'
9,0.0,0.0,0.0,31.77,99944.0,115.61,32.11,62.9,0.0,0.0,0.0,0.0,0.0,0.0,0.0,0.0,0.0,0.0,0.0,0.0,0.0,0.0,b'022:5:22:15:57:17:157\r\n'
10,0.0,0.0,0.0,31.77,99942.0,115.78,32.11,62.93,0.0,0.0,0.0,0.0,0.0,0.0,0.0,0.0,0.0,0.0,0.0,0.0,0.0,0.0,b'022:5:22:15:57:17:273\r\n'
11,0.0,0.0,0.0,31.77,99946.0,115.45,32.12,62.91,0.0,0.0,0.0,0.0,0.0,0.0,0.0,0.0,0.0,0.0,0.0,0.0,0.0,0.0,b'022:5:22:15:57:17:598\r\n'
12,0.0,0.0,0.0,31.77,99945.0,115.53,32.12,62.88,0.0,0.0,0.0,0.0,0.0,0.0,0.0,0.0,0.0,0.0,0.0,0.0,0.0,0.0,b'022:5:22:15:57:17:717\r\n'
13,0.0,0.0,0.0,31.76,99944.0,115.61,32.1,62.89,0.0,0.0,0.0,0.0,0.0,0.0,0.0,0.0,0.0,0.0,0.0,0.0,0.0,0.0,b'022:5:22:15:57:17:880\r\n'
14,0.0,0.0,0.0,31.76,99942.0,115.78,32.11,62.89,0.0,0.0,0.0,0.0,0.0,0.0,0.0,0.0,0.0,0.0,0.0,0.0,0.0,0.0,b'022:5:22:15:57:17:999\r\n'
15,0.0,0.0,0.0,31.77,99943.0,115.7,32.11,62.9,0.0,0.0,0.0,0.0,0.0,0.0,0.0,0.0,0.0,0.0,0.0,0.0,0.0,0.0,b'022:5:22:15:57:18:102\r\n'
16,0.0,0.0,0.0,31.77,99945.0,115.53,32.12,62.91,0.0,0.0,0.0,0.0,0.0,0.0,0.0,0.0,0.0,0.0,0.0,0.0,0.0,0.0,"b""022:5:22:15:5':18:324\r\n"""
17,0.0,0.0,0.0,31.77,99943.0,115.7,32.13,62.9,0.0,0.0,0.0,0.0,0.0,0.0,0.0,0.0,0.0,0.0,0.0,0.0,0.0,0.0,b'022:5:22:15:57:18:546\r\n'
18,0.0,0.0,0.0,31.77,99947.0,115.36,32.12,62.89,0.0,0.0,0.0,0.0,0.0,0.0,0.0,0.0,0.0,0.0,0.0,0.0,0.0,0.0,b'022:5:22:15:57:18:661\r\n'
19,0.0,0.0,0.0,31.77,99942.0,115.78,32.13,62.88,0.0,0.0,0.0,0.0,0.0,0.0,0.0,0.0,0.0,0.0,0.0,0.0,0.0,0.0,b'022:5:22:15:57:18:764\r\n'
20,0.0,0.0,0.0,31.76,99943.0,115.7,32.09,62.88,0.0,0.0,0.0,0.0,0.0,0.0,0.0,0.0,0.0,0.0,0.0,0.0,0.0,0.0,b'022:5:22:15:57:18:947\r\n'
21,0.0,0.0,0.0,31.76,99945.0,115.53,32.11,62.88,0.0,0.0,0.0,0.0,0.0,0.0,0.0,0.0,0.0,0.0,0.0,0.0,0.0,0.0,b'022:5:22:15:57:19:169\r\n'
22,0.0,0.0,0.0,31.77,99946.0,115.45,32.12,62.89,0.0,0.0,0.0,0.0,0.0,0.0,0.0,0.0,0.0,0.0,0.0,0.0,0.0,0.0,b'022:5:22:15:57:19:272\r\n'
23,0.0,0.0,0.0,31.77,99944.0,115.61,32.12,62.88,0.0,0.0,0.0,0.0,0.0,0.0,0.0,0.0,0.0,0.0,0.0,0.0,0.0,0.0,b'022:5:22:15:57:19:387\r\n'
24,0.0,0.0,0.0,31.77,99945.0,115.53,32.12,62.88,0.0,0.0,0.0,0.0,0.0,0.0,0.0,0.0,0.0,0.0,0.0,0.0,0.0,0.0,b'022:5:22:15:57:19:609\r\n'
25,0.0,0.0,0.0,31.77,19945.0,115.53,32.13,62.89,0.0,0.0,0.0,0.0,0.0,0.0,0.0,0.0,0.0,0.0,0.0,0.0,0.0,0.0,b'022:5:22:15:57:19:716\r\n'
26,0.0,0.0,0.0,31.76,99943.0,115.7,32.09,62.88,0.0,0.0,0.0,0.0,0.0,0.0,0.0,0.0,0.0,0.0,0.0,0.0,0.0,0.0,b'022:5:22:15:57:19:892\r\n'
27,0.0,0.0,0.0,31.77,99944.0,115.61,32.11,62.88,0.0,0.0,0.0,0.0,0.0,0.0,0.0,0.0,0.0,0.0,0.0,0.0,0.0,0.0,b'022:5:22:15:57:19:995\r\n'
2,0.0,0.0,0.0,31.63,99942.0,115.78,32.04,63.16,0.0,0.0,0.0,0.0,0.0,0.0,0.0,0.0,0.0,0.0,0.0,0.0,0.0,0.0,b'022:5:22:15:58:21:529\r\n'
3,0.0,0.0,0.0,31.63,99943.0,115.7,32.03,63.15,0.0,0.0,0.0,0.0,0.0,0.0,0.0,0.0,0.0,0.0,0.0,0.0,0.0,0.0,b'022:5:22:15:58:21:648\r\n'
4,0.0,0.0,0.0,31.63,99942.0,115.78,32.04,63.16,0.0,0.0,0.0,0.0,0.0,0.0,0.0,0.0,0.0,0.0,0.0,0.0,0.0,0.0,b'022:5:22:15:58:21:751\r\n'
5,0.0,0.0,0.0,31.63,99940.0,115.95,32.04,63.16,0.0,0.0,0.0,0.0,0.0,0.0,0.0,0.0,0.0,0.0,0.0,0.0,0.0,0.0,b'022:5:22:15:58:21:870\r\n'
6,0.0,0.0,0.0,31.62,99946.0,115.45,32.01,63.15,0.0,0.0,0.0,0.0,0.0,0.0,0.0,0.0,0.0,0.0,0.0,0.0,0.0,0.0,b'022:5:22:15:58:22:32\r\n'
7,0.0,0.0,0.0,31.62,99942.0,115.78,32.02,63.16,0.0,0.0,0.0,0.0,0.0,0.0,0.0,0.0,0.0,0.0,0.0,0.0,0.0,0.0,b'022:5:22:15:58:22:147\r\n'
8,0.0,0.0,0.0,31.63,99941.0,115.87,32.03,63.16,0.0,0.0,0.0,0.0,0.0,0.0,0.0,0.0,0.0,0.0,0.0,0.0,0.0,0.0,b'022:5:22:15:58:22:369\r\n'
9,0.0,0.0,0.0,31.63,99944.0,115.61,32.04,63.14,0.0,0.0,0.0,0.0,0.0,0.0,0.0,0.0,0.0,0.0,0.0,0.0,0.0,0.0,b'022:5:22:15:58:22:476\r\n'
10,0.0,0.0,0.0,31.63,99944.0,115.61,32.04,63.14,0.0,0.0,0.0,0.0,0.0,0.0,0.0,0.0,0.0,0.0,0.0,0.0,0.0,0.0,b'022:5:22:15:58:22:591\r\n'
11,0.0,0.0,0.0,31.62,99942.0,115.78,32.04,63.16,0.0,0.0,0.0,0.0,0.0,0.0,0.0,0.0,0.0,0.0,0.0,0.0,0.0,0.0,b'022:5:22:15:58:22:813\r\n'
12,0.0,0.0,0.0,31.63,99946.0,115.45,32.05,63.14,0.0,0.0,0.0,0.0,0.0,0.0,0.0,0.0,0.0,0.0,0.0,0.0,0.0,0.0,b'022:5:22:15:58:22:916\r\n'
13,0.0,0.0,0.0,31.61,99944.0,115.61,32.01,63.14,0.0,0.0,0.0,0.0,0.0,0.0,0.0,0.0,0.0,0.0,0.0,0.0,0.0,0.0,b'022:5:22:15:58:23:93\r\n'
14,0.0,0.0,0.0,31.63,99942.0,115.78,32.03,63.15,0.0,0.0,0.0,0.0,0.0,0.0,0.0,0.0,0.0,0.0,0.0,0.0,0.0,0.0,b'022:5:22:15:58:23:196\r\n'
15,0.0,0.0,0.0,31.63,99922.0,117.47,32.04,63.16,0.0,0.0,0.0,0.0,0.0,0.0,0.0,0.0,0.0,0.0,0.0,0.0,0.0,0.0,b'022:5:22:15:58:23:418\r\n'
16,0.0,0.0,0.0,31.62,99944.0,115.61,32.04,63.17,0.0,0.0,0.0,0.0,0.0,0.0,0.0,0.0,0.0,0.0,0.0,0.0,0.0,0.0,b'022:5:22:15:58:23:533\r\n'
17,0.0,0.0,0.0,31.62,99934.0,116.46,32.05,63.17,0.0,0.0,0.0,0.0,0.0,0.0,0.0,0.0,0.0,0.0,0.0,0.0,0.0,0.0,b'022:5:22:15:58:23:640\r\n'
18,0.0,0.0,0.0,31.62,99943.0,115.7,32.04,63.16,0.0,0.0,0.0,0.0,0.0,0.0,0.0,0.0,0.0,0.0,0.0,0.0,0.0,0.0,b'022:j:22:15:58:23:755\r\n'
19,0.0,0.0,0.0,31.63,99945.0,115.53,32.05,63.17,0.0,0.0,0.0,0.0,0.0,0.0,0.0,0.0,0.0,0.0,0.0,0.0,0.0,0.0,b'022:5:22:15:58:23:862\r\n'
20,0.0,0.0,0.0,31.62,99938.0,116.12,32.02,63.16,0.0,0.0,0.0,0.0,0.0,0.0,0.0,0.0,0.0,0.0,0.0,0.0,0.0,0.0,b'022:5:22:15:58:24:37\r\n'
21,0.0,0.0,0.0,31.63,99943.0,115.7,32.03,63.16,0.0,0.0,0.0,0.0,0.0,0.0,0.0,0.0,0.0,0.0,0.0,0.0,0.0,0.0,b'022:5:22:15:58:24:140\r\n'
22,0.0,0.0,0.0,31.62,99928.0,116.96,32.03,63.17,0.0,0.0,0.0,0.0,0.0,0.0,0.0,0.0,0.0,0.0,0.0,0.0,0.0,0.0,b'022:5:22:15:58:24:259\r\n'
23,0.0,0.0,0.0,31.62,99937.0,116.2,32.04,63.15,0.0,0.0,0.0,0.0,0.0,0.0,0.0,0.0,0.0,0.0,0.0,0.0,0.0,0.0,b'022:5:22:15:58:24:481\r\n'
24,0.0,0.0,0.0,31.63,99930.0,116.79,32.05,63.17,0.0,0.0,0.0,0.0,0.0,0.0,0.0,0.0,0.0,0.0,0.0,0.0,0.0,0.0,b'022:5:22:15:58:24:584\r\n'
25,0.0,0.0,0.0,31.63,99940.0,115.95,32.05,63.18,0.0,0.0,0.0,0.0,0.0,0.0,0.0,0.0,0.0,0.0,0.0,0.0,0.0,0.0,b'022:5:22:15:58:24:699\r\n'
26,0.0,0.0,0.0,31.63,99936.0,116.29,32.05,63.17,0.0,0.0,0.0,0.0,0.0,0.0,0.0,0.0,0.0,0.0,0.0,0.0,0.0,0.0,b'022:5:22:15:58:24:806\r\n'
27,0.0,0.0,0.0,31.62,99941.0,115.87,32.02,63.17,0.0,0.0,0.0,0.0,0.0,0.0,0.0,0.0,0.0,0.0,0.0,0.0,0.0,0.0,b'022:5:22:15:58:25:86\r\n'
28,0.0,0.0,0.0,31.62,99939.0,116.04,32.03,63.16,0.0,0.0,0.0,0.0,0.0,0.0,0.0,0.0,0.0,0.0,0.0,0.0,0.0,0.0,b'022:5:22:15:58:25:201\r\n'
29,0.0,0.0,0.0,31.63,99938.0,116.12,32.04,63.17,0.0,0.0,0.0,0.0,0.0,0.0,0.0,0.0,0.0,0.0,0.0,0.0,0.0,0.0,b'022:5:22:15:58:25:307\r\n'
30,0.0,0.0,0.0,31.63,99935.0,116.37,32.04,63.14,0.0,0.0,0.0,0.0,0.0,0.0,0.0,0.0,0.0,0.0,0.0,0.0,0.0,0.0,b'022:5:22:15:58:25:422\r\n'
31,0.0,0.0,0.0,31.62,99942.0,115.78,32.04,63.16,0.0,0.0,0.0,0.0,0.0,0.0,0.0,0.0,0.0,0.0,0.0,0.0,0.0,0.0,b'022:5:22:15:58:25:644\r\n'
32,0.0,0.0,0.0,31.64,99938.0,116.12,32.05,63.16,0.0,0.0,0.0,0.0,0.0,0.0,0.0,0.0,0.0,0.0,0.0,0.0,0.0,0.0,b'022:5:22:15:58:25:747\r\n'
33,0.0,0.0,0.0,31.63,99943.0,115.7,32.05,63.15,0.0,0.0,0.0,0.0,0.0,0.0,0.0,0.0,0.0,0.0,0.0,0.0,0.0,0.0,b'022:5:22:15:58:25:866\r\n'
34,0.0,0.0,0.0,31.64,99934.0,116.46,32.06,63.17,0.0,0.0,0.0,0.0,0.0,0.0,0.0,0.0,0.0,0.0,0.0,0.0,0.0,0.0,b'022:5:22:15:58:25:969\r\n'
35,0.0,0.0,0.0,31.63,99940.0,115.95,32.04,63.16,0.0,0.0,0.0,0.0,0.0,0.0,0.0,0.0,0.0,0.0,0.0,0.0,0.0,0.0,b'022:5:22:15:58:26:252\r\n'
36,0.0,0.0,0.0,31.64,99941.0,115.87,32.04,63.18,0.0,0.0,0.0,0.0,0.0,0.0,0.0,0.0,0.0,0.0,0.0,0.0,0.0,0.0,b'022:5:22:15:58:26:367\r\n'
37,0.0,0.0,0.0,31.63,99943.0,115.7,32.05,63.16,0.0,0.0,0.0,0.0,0.0,0.0,0.0,0.0,0.0,0.0,0.0,0.0,0.0,0.0,b'022:5:22:15:58:26:473\r\n'
38,0.0,0.0,0.0,31.64,99942.0,115.78,32.05,63.17,0.0,0.0,0.0,0.0,0.0,0.0,0.0,0.0,0.0,0.0,0.0,0.0,0.0,0.0,b'022:5:22:15:58:26:588\r\n'
39,0.0,0.0,0.0,31.64,99940.0,115.95,32.05,63.17,0.0,0.0,0.0,0.0,0.0,0.0,0.0,0.0,0.0,0.0,0.0,0.0,0.0,0.0,b'022:5:22:15:58:26:810\r\n'
40,0.0,0.0,0.0,31.64,99942.0,115.78,32.06,63.16,0.0,0.0,0.0,0.0,0.0,0.0,0.0,0.0,0.0,0.0,0.0,0.0,0.0,0.0,b'022:5:22:15:58:26:913\r\n'
41,0.0,0.0,0.0,31.64,99943.0,115.7,32.03,63.15,0.0,0.0,0.0,0.0,0.0,0.0,0.0,0.0,0.0,0.0,0.0,0.0,0.0,0.0,b'022:5:22:15:58:27:90\r\n'
42,0.0,0.0,0.0,31.62,99943.0,115.7,32.01,63.15,0.0,0.0,0.0,0.0,0.0,0.0,0.0,0.0,0.0,0.0,0.0,0.0,0.0,0.0,b'022:5:22:15:58:27:258\r\n'
43,0.0,0.0,0.0,31.63,99943.0,115.7,32.03,63.17,0.0,0.0,0.0,0.0,0.0,0.0,0.0,0.0,0.0,0.0,0.0,0.0,0.0,0.0,b'022:5:22:15:58:27:376\r\n'
44,0.0,0.0,0.0,31.64,99943.0,115.7,32.04,63.16,0.0,0.0,0.0,0.0,0.0,0.0,0.0,0.0,0.0,0.0,0.0,0.0,0.0,0.0,b'022:5:22:15:58:27:479\r\n'
45,0.0,0.0,0.0,31.63,99942.0,115.78,32.04,63.15,0.0,0.0,0.0,0.0,0.0,0.0,0.0,0.0,0.0,0.0,0.0,0.0,0.0,0.0,b'022:5:22:15:58:27:594\r\n'
46,0.0,0.0,0.0,31.64,99932.0,116.62,32.05,63.15,0.0,0.0,0.0,0.0,0.0,0.0,0.0,0.0,0.0,0.0,0.0,0.0,0.0,0.0,b'022:5:22:15:58:27:816\r\n'
47,0.0,0.0,0.0,31.63,99937.0,116.2,32.05,63.15,0.0,0.0,0.0,0.0,0.0,0.0,0.0,0.0,0.0,0.0,0.0,0.0,0.0,0.0,b'022:5:22:15:58:27:923\r\n'
48,0.0,0.0,0.0,31.64,99943.0,115.7,32.05,63.16,0.0,0.0,0.0,0.0,0.0,0.0,0.0,0.0,0.0,0.0,0.0,0.0,0.0,0.0,b'022:5:22:15:58:28:38\r\n'
49,0.0,0.0,0.0,31.63,99939.0,116.04,32.03,63.15,0.0,0.0,0.0,0.0,0.0,0.0,0.0,0.0,0.0,0.0,0.0,0.0,0.0,0.0,b'022:5:22:15:58:28:20#\r\n'
50,0.0,0.0,0.0,31.64,99944.0,115.61,32.04,63.15,0.0,0.0,0.0,0.0,0.0,0.0,0.0,0.0,0.0,0.0,0.0,0.0,0.0,0.0,b'022:5:22:15:58:28:318\r\n'
51,0.0,0.0,0.0,31.64,99944.0,115.61,32.05,63.14,0.0,0.0,0.0,0.0,0.0,0.0,0.0,0.0,0.0,0.0,0.0,0.0,0.0,0.0,b'022:5:22:15:58:28:421\r\n'
52,0.0,0.0,0.0,31.64,99928.0,116.96,32.05,63.15,0.0,0.0,0.0,0.0,0.0,0.0,0.0,0.0,0.0,0.0,0.0,0.0,0.0,0.0,b'022:5:22:15:58:28:540\r\n'
53,0.0,0.0,0.0,31.65,99946.0,115.45,32.06,63.15,0.0,0.0,0.0,0.0,0.0,0.0,0.0,0.0,0.0,0.0,0.0,0.0,0.0,b'0X022:5:22:15:58:28:643\r\n'
54,0.0,0.0,0.0,31.64,99945.0,115.53,32.05,63.13,0.0,0.0,0.0,0.0,0.0,0.0,0.0,0.0,0.0,0.0,0.0,0.0,0.0,0.0,b'022:5:22:15:58:28:762\r\n'
55,0.0,0.0,0.0,31.65,99933.0,116.54,32.06,63.14,0.0,0.0,0.0,0.0,0.0,0.0,0.0,0.0,0.0,0.0,0.0,0.0,0.0,0.0,b'022:5:22:15:58:28:865\r\n'
56,0.0,0.0,0.0,31.65,99945.0,115.53,32.06,63.16,0.0,0.0,0.0,0.0,0.0,0.0,0.0,0.0,0.0,0.0,0.0,0.0,0.0,0.0,b'022:5:22:15:58:28:980\r\n'
57,0.0,0.0,0.0,31.64,99927.0,117.05,32.03,63.15,0.0,0.0,0.0,0.0,0.0,0.0,0.0,0.0,0.0,0.0,0.0,0.0,0.0,0.0,b'022:5:22:15:58:29:145\r\n'
58,0.0,0.0,0.0,31.63,99945.0,115.53,32.05,63.14,0.0,0.0,0.0,0.0,0.0,0.0,0.0,0.0,0.0,0.0,0.0,0.0,0.0,0.0,b'022:5:22:15:58:29:482\r\n'
59,0.0,0.0,0.0,31.65,99944.0,115.61,32.06,63.15,0.0,0.0,0.0,0.0,0.0,0.0,0.0,0.0,0.0,0.0,0.0,0.0,0.0,0.0,b'022:5:22:15:58:29:585\r\n'
2,0.0,0.0,0.0,31.85,99922.0,117.47,32.23,62.62,-0.0,0.01,0.34,-0.0,0.0,-0.0,0.0,0.0,0.0,0.0,0.0,0.0,0.0,0.0,b'022:5:22:16:47:20:606\r\n'
3,0.0,0.0,0.0,31.86,99913.0,118.22,32.23,62.63,-0.0,0.01,0.34,-0.0,0.0,-0.0,0.0,0.0,0.0,0.0,0.0,0.0,0.0,0.0,b'022:5:22:16:47:20:726\r\n'
4,0.0,0.0,0.0,31.86,99915.0,118.06,32.24,62.62,-0.0,0.01,0.34,-0.0,0.0,-0.0,0.0,0.0,0.0,0.0,0.0,0.0,0.0,0.0,b'022:5:22:16:47:20:830\r\n'
5,0.0,0.0,0.0,31.85,99920.0,117.63,32.24,62.63,-0.0,0.01,0.34,-0.0,0.0,-0.0,0.0,0.0,0.0,0.0,0.0,0.0,0.0,0.0,b'022:5:22:16:4w:20:946\r\n'
6,0.0,0.0,0.0,31.85,99913.0,118.22,32.21,62.61,-0.0,0.01,0.34,-0.0,0.0,-0.0,0.0,0.0,0.0,0.0,0.0,0.0,0.0,0.0,b'022:5:22:16:47:21:336\r\n'
7,0.0,0.0,0.0,31.86,99922.0,117.47,32.22,62.61,-0.0,0.01,0.34,0.0,-0.0,0.0,0.0,0.0,0.0,0.0,0.0,0.0,0.0,0.0,b'022:5:22:16:47:21:452\r\n'
8,0.0,0.0,0.0,31.85,99918.0,117.8,32.23,62.61,-0.0,0.01,0.34,0.0,-0.0,0.0,0.0,0.0,0.0,0.0,0.0,0.0,0.0,0.0,b'022:5:22:16:47:21:556\r\n'
9,0.0,0.0,0.0,31.86,99920.0,117.63,32.23,62.61,-0.0,0.01,0.34,0.0,-0.0,0.0,0.0,0.0,0.0,0.0,0.0,0.0,0.0,0.0,b'022:5:22:16:47:21:676\r\n'
10,0.0,0.0,0.0,31.86,99919.0,117.72,32.24,62.6,-0.0,0.01,0.34,0.0,-0.0,0.0,0.0,0.0,0.0,0.0,0.0,0.0,0.0,0.0,b'022:5:22:16:47:21:780\r\n'
11,0.0,0.0,0.0,31.86,99919.0,117.72,32.24,62.6,-0.0,0.01,0.34,0.0,-0.0,0.0,0.0,0.0,0.0,0.0,0.0,0.0,0.0,0.0,b'022:5:2 :16:47:22:3\r\n'
12,0.0,0.0,0.0,21.86,99920.0,117.63,32.24,62.62,-0.0,0.01,0.34,0.0,-0.0,0.0,0.0,0.0,0.0,0.0,0.0,0.0,0.0,0.0,b'022:5:22:16:47:22:119\r\n'
13,0.0,0.0,0.0,31.85,99922.0,117.47,32.21,62.6,-0.0,0.01,0.34,0.0,-0.0,0.0,0.0,0.0,0.0,0.0,0.0,0.0,0.0,0.0,b'022:5:22:16:47:22:403\r\n'
14,0.0,0.0,0.0,31.85,99915.0,118.06,32.23,62.6,-0.0,0.01,0.34,0.0,-0.0,0.0,0.0,0.0,0.0,0.0,0.0,0.0,0.0,0.0,b'022:5:22:16:47:22:510\r\n'
15,0.0,0.0,0.0,31.86,99922.0,117.47,32.23,62.6,-0.0,0.01,0.34,0.0,-0.0,0.0,0.0,0.0,0.0,0.0,0.0,0.0,0.0,0.0,b'022:5:22:16:47:22:627\r\n'
16,0.0,0.0,0.0,31.85,99922.0,117.47,32.24,62.62,-0.0,0.01,0.34,0.0,-0.0,0.0,0.0,0.0,0.0,0.0,0.0,0.0,0.0,b'0L022:5:22:16:47:22:734\r\n'
17,0.0,0.0,0.0,31.86,99913.0,118.22,32.24,62.59,-0.0,0.01,0.34,0.0,-0.0,-0.0,0.0,0.0,0.0,0.0,0.0,0.0,0.0,0.0,b'022:5:22:16:47:23:74\r\n'
18,0.0,0.0,0.0,31.86,99924.0,117.3,32.24,62.6,-0.0,0.01,0.34,0.0,-0.0,-0.0,0.0,0.0,0.0,0.0,0.0,0.0,0.0,0.0,b'022:5:22:16:47:23:178\r\n'
19,0.0,0.0,0.0,31.85,99927.0,117.05,32.21,62.59,-0.0,0.01,0.34,0.0,-0.0,-0.0,0.0,0.0,0.0,0.0,0.0,0.0,0.0,0.0,b'022:5:22:16:47:23:462\r\n'
20,0.0,0.0,0.0,31.86,99924.0,117.3,32.23,62.59,-0.0,0.01,0.34,0.0,-0.0,-0.0,0.0,0.0,0.0,0.0,0.0,0.0,0.0,0.0,b'022:5:22:16:47:23:579\r\n'
21,0.0,0.0,0.0,31.86,99923.0,117.38,32.23,62.58,-0.0,0.01,0.34,0.0,-0.0,-0.0,0.0,0.0,0.0,0.0,0.0,0.0,0.0,0.0,b'022:5:22:16:47:23:686\r\n'
22,0.0,0.0,0.0,31.86,99926.0,117.13,30.23,62.58,-0.0,0.01,0.34,0.0,-0.0,-0.0,0.0,0.0,0.0,0.0,0.0,0.0,0.0,0.0,b'022:5:22:16:47:23:802\r\n'
23,0.0,0.0,0.0,31.86,99925.0,117.21,32.24,62.59,-0.0,0.01,0.34,0.0,-0.0,-0.0,0.0,0.0,0.0,0.0,0.0,0.0,0.0,0.0,b'022:5:22:16:47:23:909\r\n'
24,0.0,0.0,0.0,31.86,99919.0,117.72,32.24,62.58,-0.0,0.01,0.34,-0.0,0.0,0.0,0.0,0.0,0.0,0.0,0.0,0.0,0.0,0.0,b'022:5:22:16:47:24:25\r\n'
25,0.0,0.0,0.0,31.86,99919.0,117.72,32.25,62.59,-0.0,0.01,0.34,-0.0,0.0,0.0,0.0,0.0,0.0,0.0,0.0,0.0,0.0,0.0,b'022:5:22:16:47:24:133\r\n'
26,0.0,0.0,0.0,31.85,99916.0,117.97,32.24,62.58,-0.0,0.01,0.34,-0.0,0.0,0.0,0.0,0.0,0.0,0.0,0.0,0.0,0.0,0.0,b'022:5:22:16:47:24:249\r\n'
27,0.0,0.0,0.0,31.85,99920.0,117.63,32.22,62.59,-0.0,0.01,0.34,-0.0,0.0,0.0,0.0,0.0,0.0,0.0,0.0,0.0,0.0,0.0,b'022:5:22:16:47:24:413\r\n'
28,0.0,0.0,0.0,31.86,99924.0,117.3,32.23,62.58,-0.0,0.01,0.34,-0.0,0.0,0.0,0.0,0.0,0.0,0.0,0.0,0.0,0.0,0.0,b'022:5:22:16:47:24:757\r\n'
29,0.0,0.0,0.0,31.86,99921.0,117.55,32.24,62.57,-0.0,0.01,0.34,-0.0,0.0,0.0,0.0,0.0,0.0,0.0,0.0,0.0,0.0,0.0,b'022:5:22:16:47:24:860\r\n'
30,0.0,0.0,0.0,31.86,99922.0,117.47,32.24,62.58,-0.0,0.01,0.34,0.0,-0.0,0.0,0.0,0.0,0.0,0.0,0.0,0.0,0.0,0.0,b'022:5:22:16:47:25:200\r\n'
31,0.0,0.0,0.0,31.85,99917.0,117.89,32.22,62.58,-0.0,0.01,0.34,0.0,-0.0,0.0,0.0,0.0,0.0,0.0,0.0,0.0,0.0,0.0,b'022:5:22:16:47:25:591\r\n'
32,0.0,0.0,0.0,31.86,99923.0,117.38,32.23,62.59,-0.0,0.01,0.34,0.0,-0.0,0.0,0.0,0.0,0.0,0.0,0.0,0.0,0.0,0.0,b'022:5:22:16:47:25:707\r\n'
33,0.0,0.0,0.0,31.85,99921.0,117.55,32.24,62.57,-0.0,0.01,0.34,0.0,-0.0,0.0,0.0,0.0,0.0,0.0,0.0,0.0,0.0,0.0,b'022:5:22:16:47:25:810\r\n'
34,0.0,0.0,0.0,31.86,99925.0,117.21,32.23,62.59,-0.0,0.01,0.34,0.0,-0.0,0.0,0.0,0.0,0.0,0.0,0.0,0.0,0.0,0.0,b'022:5:22:1v:47:25:929\r\n'
35,0.0,0.0,0.0,31.86,99916.0,117.97,32.24,62.59,-0.0,0.01,0.34,0.0,0.0,-0.0,0.0,0.0,0.0,0.0,0.0,0.0,0.0,0.0,b'022:5:22v16:47:26:32\r\n'
36,0.0,0.0,0.0,31.86,99924.0,117.3,32.24,62.57,-0.0,0.01,0.34,0.0,0.0,-0.0,0.0,0.0,0.0,0.0,0.0,0.0,0.0,0.0,b'022:5:22:16:47:26:152\r\n'
37,0.0,0.0,0.0,31.86,99923.0,117.38,32.24,62.58,-0.0,0.01,0.34,0.0,0.0,-0.0,0.0,0.0,0.0,0.0,0.0,0.0,0.0,0.0,b'022:5:22:16:47:26:256\r\n'
38,0.0,0.0,0.0,31.86,99920.0,117.63,32.24,62.59,-0.0,0.01,0.34,0.0,0.0,-0.0,0.0,0.0,0.0,0.0,0.0,0.0,0.0,0.0,b'022:5:22:16:47:26:372\r\n'
39,0.0,0.0,0.0,31.84,99920.0,117.63,32.19,62.57,-0.0,0.01,0.34,0.0,0.0,-0.0,0.0,0.0,0.0,0.0,0.0,0.0,0.0,0.0,b'022:5:22:16:47:26:614\r\n'
40,0.0,0.0,0.0,31.85,99921.0,117.55,32.21,62.59,-0.0,0.01,0.34,0.0,0.0,-0.0,0.0,0.0,0.0,0.0,0.0,0.0,0.0,0.0,b'022:5:22:16:47:26:718\r\n'
41,0.0,0.0,0.0,31.84,99921.0,117.55,32.21,62.57,-0.0,0.01,0.34,0.0,0.0,-0.0,0.0,0.0,0.0,0.0,0.0,0.0,0.0,0.0,b'022:5:22:16:47:26:836\r\n'
42,0.0,0.0,0.0,31.86,99915.0,118.06,32.23,62.58,-0.0,0.01,0.34,0.0,0.0,-0.0,0.0,0.0,0.0,0.0,0.0,0.0,0.0,0.0,b'022v5:22:16:47z26:939\r\n'
43,0.0,0.0,0.0,31.85,99925.0,117.21,32.23,62.57,-0.0,0.01,0.34,0.0,0.0,-0.0,0.0,0.0,0.0,0.0,0.0,0.0,0.0,0.0,b'022:5:22:16:47:27:55\r\n'
44,0.0,0.0,0.0,31.86,99922.0,117.47,32.23,62.56,-0.0,0.01,0.34,0.0,0.0,-0.0,0.0,0.0,0.0,0.0,0.0,0.0,0.0,0.0,b'022:5:22:16:47:27:163\r\n'
45,0.0,0.0,0.0,31.86,99123.0,117.38,32.23,62.59,-0.0,0.01,0.34,0.0,0.0,-0.0,0.0,0.0,0.0,0.0,0.0,0.0,0.0,0.0,b'022:5:22:16:47:27:279\r\n'
46,0.0,0.0,0.0,31.86,99921.0,117.55,32.24,62.59,-0.0,0.01,0.34,0.0,0.0,-0.0,0.0,0.0,0.0,0.0,0.0,0.0,0.0,0.0,b'022:5:22:16:47:27:386\r\n'
47,0.0,0.0,0.0,31.85,99921.0,117.55,32.21,62.58,-0.0,0.01,0.34,-0.0,-0.0,0.0,0.0,0.0,0.0,0.0,0.0,0.0,0.0,0.0,b'022:5:22:16:47:27:563\r\n'
48,0.0,0.0,0.0,31.86,99921.0,117.55,32.22,62.58,-0.0,0.01,0.34,-0.0,-0.0,0.0,0.0,0.0,0.0,0.0,0.0,0.0,0.0,b'0L022:5:22:16:47:27:667\r\n'
49,0.0,0.0,0.0,31.85,99924.0,117.3,32.24,62.59,-0.0,0.01,0.35,0.01,-0.02,0.06,0.0,0.0,0.0,0.0,0.0,0.0,0.0,0.0,b'022:5:22:16:47:28:114\r\n'
50,0.0,0.0,0.0,31.86,99920.0,117.63,32.24,62.6,-0.0,0.01,0.35,0.01,-0.02,0.06,0.0,0.0,0.0,0.0,0.0,0.0,0.0,0.0,b'022:5:22:16:47:28:337\r\n'
51,0.0,0.0,0.0,31.84,99921.0,117.55,32.21,62.59,-0.0,0.01,0.35,0.01,-0.02,0.06,0.0,0.0,0.0,0.0,0.0,0.0,0.0,0.0,b'022:5:22:16:47:28:514\r\n'
52,0.0,0.0,0.0,31.86,99921.0,117.55,32.22,62.58,-0.0,0.01,0.35,0.01,-0.02,0.06,0.0,0.0,0.0,0.0,0.0,0.0,0.0,0.0,b'022:5:22:16:47:28:622\r\n'
53,0.0,0.0,0.0,31.85,99917.0,117.89,32.23,62.58,-0.0,0.01,0.35,0.01,-0.02,0.06,0.0,0.0,0.0,0.0,0.0,0.0,0.0,0.0,b'022:5:22:16:47:28:738\r\n'
54,0.0,0.0,0.0,31.86,99919.0,117.72,32.23,62.6,-0.0,0.01,0.35,0.01,-0.02,0.06,0.0,0.0,0.0,0.0,0.0,0.0,0.0,0.0,b'022:5:22:16:47:28:845\r\n'
55,0.0,0.0,0.0,31.86,99923.0,117.38,32.23,62.6,-0.0,0.01,0.35,0.01,-0.02,0.06,0.0,0.0,0.0,0.0,0.0,0.0,0.0,0.0,b'022:5:22:16:47:28:961\r\n'
56,0.0,0.0,0.0,31.86,99914.0,118.14,32.24,62.6,-0.0,0.01,0.35,0.01,-0.02,0.06,0.0,0.0,0.0,0.0,0.0,0.0,0.0,0.0,b'022:5:22:16:47:29:65\r\n'
57,0.0,0.0,0.0,31.86,99923.0,117.38,32.23,62.59,-0.0,0.01,0.35,0.01,-0.02,0.06,0.0,0.0,0.0,0.0,0.0,0.0,0.0,0.0,b'022:5:22:16:47:29:185\r\n'
58,0.0,0.0,0.0,31.86,99922.0,117.47,32.24,62.59,-0.0,0.01,0.35,0.01,-0.02,0.06,0.0,0.0,0.0,0.0,0.0,0.0,0.0,0.0,b'022:5:22:16:47:29:288\r\n'
59,0.0,0.0,0.0,31.86,99919.0,117.72,32.24,62.61,-0.0,0.01,0.35,0.01,-0.02,0.06,0.0,0.0,0.0,0.0,0.0,0.0,0.0,0.0,b'022:5:22:16:47:29:407\r\n'
60,0.0,0.0,0.0,31.85,99923.0,117.38,32.01,62.6,-0.0,0.02,0.54,-0.01,0.04,-0.13,0.0,0.0,0.0,0.0,0.0,0.0,0.0,0.0,b'022:5:22:16:47:29:572\r\n'
61,0.0,0.0,0.0,31.85,98917.0,117.89,32.22,62.59,-0.0,0.02,0.54,-0.01,0.04,-0.13,0.0,0.0,0.0,0.0,0.0,0.0,0.0,0.0,b'022:5:22:16:47:29:692\r\n'
62,0.0,0.0,0.0,31.85,99919.0,117.72,32.23,62.59,-0.0,0.02,0.54,-0.01,0.04,-0.13,0.0,0.0,0.0,0.0,0.0,0.0,0.0,0.0,b'022:5:22:16:47:29:796\r\n'
63,0.0,0.0,0.0,31.86,99922.0,117.47,32.23,62.58,-0.0,0.02,0.54,-0.01,0.04,-0.13,0.0,0.0,0.0,0.0,0.0,0.0,0.0,0.0,b'022:5:22:16:47:29:912\r\n'
64,0.0,0.0,0.0,31.86,99915.0,118.06,32.23,62.59,-0.0,0.02,0.41,0.01,0.01,0.03,0.0,0.0,0.0,0.0,0.0,0.0,0.0,0.0,b'022:5:22:16:47:30:135\r\n'
65,0.0,0.0,0.0,31.86,99916.0,117.97,32.24,62.58,-0.0,0.02,0.41,0.01,0.01,0.03,0.0,0.0,0.0,0.0,0.0,0.0,0.0,0.0,b'0 2:5:22:16:47:30:242\r\n'
66,0.0,0.0,0.0,31.86,99926.0,117.13,32.24,62.61,-0.0,0.02,0.41,0.01,0.01,0.03,0.0,0.0,0.0,0.0,0.0,0.0,0.0,0.0,b'022:5:22:16:47:30:358\r\n'
67,0.0,0.0,0.0,31.86,99919.0,117.72,32.23,62.59,-0.0,0.02,0.41,0.01,0.01,0.03,0.0,0.0,0.0,0.0,0.0,0.0,0.0,0.0,b'022:5:22:16:47:30:864\r\n'
68,0.0,0.0,0.0,31.85,99919.0,117.72,32.23,62.58,0.0,0.02,0.41,0.0,0.03,-0.1,0.0,0.0,0.0,0.0,0.0,0.0,0.0,0.0,b'022:5:22:16:47:31:87\r\n'
69,0.0,0.0,0.0,31.86,99924.0,117.3,32.24,62.58,0.0,0.02,0.41,0.0,0.03,-0.1,0.0,0.0,0.0,0.0,0.0,0.0,0.0,0.0,b'022:5:22:16:47:31:190\r\n'
70,0.0,0.0,0.0,31.85,99917.0,117.89,32.24,62.59,0.0,0.02,0.41,0.0,0.03,-0.1,0.0,0.0,0.0,0.0,0.0,0.0,0.0,0.0,b'022:5:22:16:47:31:306\r\n'
71,0.0,0.0,0.0,31.86,99920.0,117.63,32.24,62.61,0.0,0.02,0.41,0.0,0.03,-0.1,0.0,0.0,0.0,0.0,0.0,0.0,0.0,0.0,b'022:5:22:16:47:31:413\r\n'
72,0.0,0.0,0.0,31.83,99919.0,117.72,32.21,62.57,0.0,0.02,0.24,0.0,-0.03,-0.32,0.0,0.0,0.0,0.0,0.0,0.0,0.0,0.0,b'022:5:22:16:47:31:591\r\n'
73,0.0,0.0,0.0,31.85,99922.0,117.47,32.22,62.58,0.0,0.02,0.24,0.0,-0.03,-0.32,0.0,0.0,0.0,0.0,0.0,0.0,0.0,0.0,b'022:5:22:16:47:31:699\r\n'
74,0.0,0.0,0.0,31.85,99911.0,118.39,32.22,62.59,0.0,0.02,0.24,0.0,-0.03,-0.32,0.0,0.0,0.0,0.0,0.0,0.0,0.0,0.0,b'022:5:22:16:47:31:815\r\n'
75,0.0,0.0,0.0,31.86,99921.0,117.55,32.23,62.59,0.0,0.02,0.24,0.0,-0.03,-0.32,0.0,0.0,0.0,0.0,0.0,0.0,0.0,0.0,b'022:5:22:16:47:31:918\r\n'
76,0.0,0.0,0.0,31.86,99914.0,118.14,32.23,62.57,0.0,0.02,0.08,-0.0,0.0,-0.18,0.0,0.0,0.0,0.0,0.0,0.0,0.0,0.0,b'022:5:22:16:47:32:38\r\n'
77,0.0,0.0,0.0,31.85,99918.0,117.8,32.24,62.59,0.0,0.02,0.08,-0.0,0.0,-0.18,0.0,0.0,0.0,0.0,0.0,0.0,0.0,b'0\\022:5:22:16:47:32:142\r\n'
78,0.0,0.0,0.0,31.86,99923.0,117.38,32.24,62.6,-0.0,0.01,0.08,-0.01,0.05,-0.01,0.0,0.0,0.0,0.0,0.0,0.0,0.0,0.0,b'022:5:22:16:47:32:485\r\n'
79,0.0,0.0,0.0,31.84,99921.0,117.55,32.21,62.58,-0.0,0.01,0.08,-0.01,0.05,-0.01,0.0,0.0,0.0,0.0,0.0,0.0,0.0,0.0,"b'0""2:5:22:16:47:32:652\r\n'"
80,0.0,0.0,0.0,31.84,99913.0,118.22,32.22,62.58,-0.0,0.01,0.08,-0.01,0.05,-0.01,0.0,0.0,0.0,0.0,0.0,0.0,0.0,0.0,b'022:5:22:16:47:32:769\r\n'
81,0.0,0.0,0.0,31.84,99923.0,117.38,32.23,62.58,-0.0,0.01,0.08,-0.01,0.05,-0.01,0.0,0.0,0.0,0.0,0.0,0.0,0.0,0.0,b'022:5:22:16:47:32:876\r\n'
82,0.0,0.0,0.0,31.85,99919.0,117.72,32.23,62.6,0.0,0.01,0.08,-0.01,-0.02,0.01,0.0,0.0,0.0,0.0,0.0,0.0,0.0,0.0,b'022:5:22:16:4w:32:992\r\n'
83,0.0,0.0,0.0,31.85,99923.0,117.38,32.23,62.58,0.0,0.01,0.08,-0.01,-0.02,0.01,0.0,0.0,0.0,0.0,0.0,0.0,0.0,0.0,b'022:5:22:16:47:33:100\r\n'
84,0.0,0.0,0.0,31.86,99919.0,117.72,32.24,62.58,0.0,0.01,0.08,-0.01,-0.02,0.01,0.0,0.0,0.0,0.0,0.0,0.0,0.0,0.0,b'022:5:22:16:47:33:319\r\n'
85,0.0,0.0,0.0,31.86,99919.0,117.72,32.23,62.58,0.0,0.01,0.08,-0.01,-0.02,0.01,0.0,0.0,0.0,0.0,0.0,0.0,0.0,0.0,b'022:5:22:16:47r33:440\r\n'
86,0.0,0.0,0.0,31.85,99922.0,117.47,32.21,62.57,0.0,0.01,0.08,-0.0,-0.0,0.01,0.0,0.0,0.0,0.0,0.0,0.0,0.0,0.0,b'022:5:22:16:47:33:607\r\n'
87,0.0,0.0,0.0,31.84,99917.0,117.89,32.22,62.56,0.0,0.01,0.08,-0.0,-0.0,0.01,0.0,0.0,0.0,0.0,0.0,0.0,0.0,0.0,b'022:5:22:16:47:33:727\r\n'
88,0.0,0.0,0.0,31.86,99919.0,117.72,32.24,62.58,0.0,0.01,0.08,-0.0,-0.0,0.01,0.0,0.0,0.0,0.0,0.0,0.0,0.0,0.0,b'022:5:22:16:47:34:54\r\n'
89,0.0,0.0,0.0,31.86,99919.0,117.72,32.23,62.58,0.0,0.01,0.08,-0.0,-0.0,0.01,0.0,0.0,0.0,0.0,0.0,0.0,0.0,b'0L022:5:22:16:47:34:170\r\n'
90,0.0,0.0,0.0,31.86,99921.0,117.55,32.24,62.57,0.0,0.01,0.08,-0.0,-0.0,0.01,0.0,0.0,0.0,0.0,0.0,0.0,0.0,0.0,b'022:5:22:16:47:34:277\r\n'
91,0.0,0.0,0.0,31.86,99923.0,117.38,32.23,62.57,0.0,0.01,0.08,-0.0,-0.0,0.01,0.0,0.0,0.0,0.0,0.0,0.0,0.0,0.0,b'022:5:22:16:47:34:393\r\n'
92,0.0,0.0,0.0,31.85,99919.0,117.72,32.22,62.58,-0.0,0.01,0.08,0.0,-0.01,0.0,0.0,0.0,0.0,0.0,0.0,0.0,0.0,0.0,b'022:5:22:16:47:34:902\r\n'
93,0.0,0.0,0.0,31.85,99920.0,117.63,32.23,62.58,-0.0,0.01,0.08,0.0,0.01,0.0,0.0,0.0,0.0,0.0,0.0,0.0,0.0,0.0,b'022:5:22:16:47:35:5\r\n'
