Timestamp,Wind speed,Wind angle,Acoustic temperature windsensor,Temperature validity,Temperature_aht10,Relative humidity_aht10,Temperature_ms5611,Pressure_ms5611,Absolute_altitude_ms5611,Roll,Pitch,Yaw,Roll speed,Pitch speed,Yaw speed,x,y,z,vx,vy,vz,pix_lat,pix_lon,pix_alt,pix_gps_vx,pix_gps_vy,pix_gps_vz,latitude,longitude,altitude_gps,Pixel_0,Pixel_1,Pixel_2,Pixel_3,Pixel_4,Pixel_5,Pixel_6,Pixel_7,Pixel_8,Pixel_9,Pixel_10,Pixel_11,Pixel_12,Pixel_13,Pixel_14,Pixel_15,Pixel_16,Pixel_17,Pixel_18,Pixel_19,Pixel_20,Pixel_21,Pixel_22,Pixel_23,Pixel_24,Pixel_25,Pixel_26,Pixel_27,Pixel_28,Pixel_29,Pixel_30,Pixel_31,Pixel_32,Pixel_33,Pixel_34,Pixel_35,Pixel_36,Pixel_37,Pixel_38,Pixel_39,Pixel_40,Pixel_41,Pixel_42,Pixel_43,Pixel_44,Pixel_45,Pixel_46,Pixel_47,Pixel_48,Pixel_49,Pixel_50,Pixel_51,Pixel_52,Pixel_53,Pixel_54,Pixel_55,Pixel_56,Pixel_57,Pixel_58,Pixel_59,Pixel_60,Pixel_61,Pixel_62,Pixel_63,Pixel_64,Pixel_65,Pixel_66,Pixel_67,Pixel_68,Pixel_69,Pixel_70,Pixel_71,Pixel_72,Pixel_73,Pixel_74,Pixel_75,Pixel_76,Pixel_77,Pixel_78,Pixel_79,Pixel_80,Pixel_81,Pixel_82,Pixel_83,Pixel_84,Pixel_85,Pixel_86,Pixel_87,Pixel_88,Pixel_89,Pixel_90,Pixel_91,Pixel_92,Pixel_93,Pixel_94,Pixel_95,Pixel_96,Pixel_97,Pixel_98,Pixel_99,Pixel_100,Pixel_101,Pixel_102,Pixel_103,Pixel_104,Pixel_105,Pixel_106,Pixel_107,Pixel_108,Pixel_109,Pixel_110,Pixel_111,Pixel_112,Pixel_113,Pixel_114,Pixel_115,Pixel_116,Pixel_117,Pixel_118,Pixel_119,Pixel_120,Pixel_121,Pixel_122,Pixel_123,Pixel_124,Pixel_125,Pixel_126,Pixel_127,Pixel_128,Pixel_129,Pixel_130,Pixel_131,Pixel_132,Pixel_133,Pixel_134,Pixel_135,Pixel_136,Pixel_137,Pixel_138,Pixel_139,Pixel_140,Pixel_141,Pixel_142,Pixel_143,Pixel_144,Pixel_145,Pixel_146,Pixel_147,Pixel_148,Pixel_149,Pixel_150,Pixel_151,Pixel_152,Pixel_153,Pixel_154,Pixel_155,Pixel_156,Pixel_157,Pixel_158,Pixel_159,Pixel_160,Pixel_161,Pixel_162,Pixel_163,Pixel_164,Pixel_165,Pixel_166,Pixel_167,Pixel_168,Pixel_169,Pixel_170,Pixel_171,Pixel_172,Pixel_173,Pixel_174,Pixel_175,Pixel_176,Pixel_177,Pixel_178,Pixel_179,Pixel_180,Pixel_181,Pixel_182,Pixel_183,Pixel_184,Pixel_185,Pixel_186,Pixel_187,Pixel_188,Pixel_189,Pixel_190,Pixel_191,Pixel_192,Pixel_193,Pixel_194,Pixel_195,Pixel_196,Pixel_197,Pixel_198,Pixel_199,Pixel_200,Pixel_201,Pixel_202,Pixel_203,Pixel_204,Pixel_205,Pixel_206,Pixel_207,Pixel_208,Pixel_209,Pixel_210,Pixel_211,Pixel_212,Pixel_213,Pixel_214,Pixel_215,Pixel_216,Pixel_217,Pixel_218,Pixel_219,Pixel_220,Pixel_221,Pixel_222,Pixel_223,Pixel_224,Pixel_225,Pixel_226,Pixel_227,Pixel_228,Pixel_229,Pixel_230,Pixel_231,Pixel_232,Pixel_233,Pixel_234,Pixel_235,Pixel_236,Pixel_237,Pixel_238,Pixel_239,Pixel_240,Pixel_241,Pixel_242,Pixel_243,Pixel_244,Pixel_245,Pixel_246,Pixel_247,Pixel_248,Pixel_249,Pixel_250,Pixel_251,Pixel_252,Pixel_253,Pixel_254,Pixel_255,Pixel_256,Pixel_257,Pixel_258,Pixel_259,Pixel_260,Pixel_261,Pixel_262,Pixel_263,Pixel_264,Pixel_265,Pixel_266,Pixel_267,Pixel_268,Pixel_269,Pixel_270,Pixel_271,Pixel_272,Pixel_273,Pixel_274,Pixel_275,Pixel_276,Pixel_277,Pixel_278,Pixel_279,Pixel_280,Pixel_281,Pixel_282,Pixel_283,Pixel_284,Pixel_285,Pixel_286,Pixel_287,Pixel_288,Pixel_289,Pixel_290,Pixel_291,Pixel_292,Pixel_293,Pixel_294,Pixel_295,Pixel_296,Pixel_297,Pixel_298,Pixel_299,Pixel_300,Pixel_301,Pixel_302,Pixel_303,Pixel_304,Pixel_305,Pixel_306,Pixel_307,Pixel_308,Pixel_309,Pixel_310,Pixel_311,Pixel_312,Pixel_313,Pixel_314,Pixel_315,Pixel_316,Pixel_317,Pixel_318,Pixel_319,Pixel_320,Pixel_321,Pixel_322,Pixel_323,Pixel_324,Pixel_325,Pixel_326,Pixel_327,Pixel_328,Pixel_329,Pixel_330,Pixel_331,Pixel_332,Pixel_333,Pixel_334,Pixel_335,Pixel_336,Pixel_337,Pixel_338,Pixel_339,Pixel_340,Pixel_341,Pixel_342,Pixel_343,Pixel_344,Pixel_345,Pixel_346,Pixel_347,Pixel_348,Pixel_349,Pixel_350,Pixel_351,Pixel_352,Pixel_353,Pixel_354,Pixel_355,Pixel_356,Pixel_357,Pixel_358,Pixel_359,Pixel_360,Pixel_361,Pixel_362,Pixel_363,Pixel_364,Pixel_365,Pixel_366,Pixel_367,Pixel_368,Pixel_369,Pixel_370,Pixel_371,Pixel_372,Pixel_373,Pixel_374,Pixel_375,Pixel_376,Pixel_377,Pixel_378,Pixel_379,Pixel_380,Pixel_381,Pixel_382,Pixel_383,Pixel_384,Pixel_385,Pixel_386,Pixel_387,Pixel_388,Pixel_389,Pixel_390,Pixel_391,Pixel_392,Pixel_393,Pixel_394,Pixel_395,Pixel_396,Pixel_397,Pixel_398,Pixel_399,Pixel_400,Pixel_401,Pixel_402,Pixel_403,Pixel_404,Pixel_405,Pixel_406,Pixel_407,Pixel_408,Pixel_409,Pixel_410,Pixel_411,Pixel_412,Pixel_413,Pixel_414,Pixel_415,Pixel_416,Pixel_417,Pixel_418,Pixel_419,Pixel_420,Pixel_421,Pixel_422,Pixel_423,Pixel_424,Pixel_425,Pixel_426,Pixel_427,Pixel_428,Pixel_429,Pixel_430,Pixel_431,Pixel_432,Pixel_433,Pixel_434,Pixel_435,Pixel_436,Pixel_437,Pixel_438,Pixel_439,Pixel_440,Pixel_441,Pixel_442,Pixel_443,Pixel_444,Pixel_445,Pixel_446,Pixel_447,Pixel_448,Pixel_449,Pixel_450,Pixel_451,Pixel_452,Pixel_453,Pixel_454,Pixel_455,Pixel_456,Pixel_457,Pixel_458,Pixel_459,Pixel_460,Pixel_461,Pixel_462,Pixel_463,Pixel_464,Pixel_465,Pixel_466,Pixel_467,Pixel_468,Pixel_469,Pixel_470,Pixel_471,Pixel_472,Pixel_473,Pixel_474,Pixel_475,Pixel_476,Pixel_477,Pixel_478,Pixel_479,Pixel_480,Pixel_481,Pixel_482,Pixel_483,Pixel_484,Pixel_485,Pixel_486,Pixel_487,Pixel_488,Pixel_489,Pixel_490,Pixel_491,Pixel_492,Pixel_493,Pixel_494,Pixel_495,Pixel_496,Pixel_497,Pixel_498,Pixel_499,Pixel_500,Pixel_501,Pixel_502,Pixel_503,Pixel_504,Pixel_505,Pixel_506,Pixel_507,Pixel_508,Pixel_509,Pixel_510,Pixel_511,Pixel_512,Pixel_513,Pixel_514,Pixel_515,Pixel_516,Pixel_517,Pixel_518,Pixel_519,Pixel_520,Pixel_521,Pixel_522,Pixel_523,Pixel_524,Pixel_525,Pixel_526,Pixel_527,Pixel_528,Pixel_529,Pixel_530,Pixel_531,Pixel_532,Pixel_533,Pixel_534,Pixel_535,Pixel_536,Pixel_537,Pixel_538,Pixel_539,Pixel_540,Pixel_541,Pixel_542,Pixel_543,Pixel_544,Pixel_545,Pixel_546,Pixel_547,Pixel_548,Pixel_549,Pixel_550,Pixel_551,Pixel_552,Pixel_553,Pixel_554,Pixel_555,Pixel_556,Pixel_557,Pixel_558,Pixel_559,Pixel_560,Pixel_561,Pixel_562,Pixel_563,Pixel_564,Pixel_565,Pixel_566,Pixel_567,Pixel_568,Pixel_569,Pixel_570,Pixel_571,Pixel_572,Pixel_573,Pixel_574,Pixel_575,Pixel_576,Pixel_577,Pixel_578,Pixel_579,Pixel_580,Pixel_581,Pixel_582,Pixel_583,Pixel_584,Pixel_585,Pixel_586,Pixel_587,Pixel_588,Pixel_589,Pixel_590,Pixel_591,Pixel_592,Pixel_593,Pixel_594,Pixel_595,Pixel_596,Pixel_597,Pixel_598,Pixel_599,Pixel_600,Pixel_601,Pixel_602,Pixel_603,Pixel_604,Pixel_605,Pixel_606,Pixel_607,Pixel_608,Pixel_609,Pixel_610,Pixel_611,Pixel_612,Pixel_613,Pixel_614,Pixel_615,Pixel_616,Pixel_617,Pixel_618,Pixel_619,Pixel_620,Pixel_621,Pixel_622,Pixel_623,Pixel_624,Pixel_625,Pixel_626,Pixel_627,Pixel_628,Pixel_629,Pixel_630,Pixel_631,Pixel_632,Pixel_633,Pixel_634,Pixel_635,Pixel_636,Pixel_637,Pixel_638,Pixel_639,Pixel_640,Pixel_641,Pixel_642,Pixel_643,Pixel_644,Pixel_645,Pixel_646,Pixel_647,Pixel_648,Pixel_649,Pixel_650,Pixel_651,Pixel_652,Pixel_653,Pixel_654,Pixel_655,Pixel_656,Pixel_657,Pixel_658,Pixel_659,Pixel_660,Pixel_661,Pixel_662,Pixel_663,Pixel_664,Pixel_665,Pixel_666,Pixel_667,Pixel_668,Pixel_669,Pixel_670,Pixel_671,Pixel_672,Pixel_673,Pixel_674,Pixel_675,Pixel_676,Pixel_677,Pixel_678,Pixel_679,Pixel_680,Pixel_681,Pixel_682,Pixel_683,Pixel_684,Pixel_685,Pixel_686,Pixel_687,Pixel_688,Pixel_689,Pixel_690,Pixel_691,Pixel_692,Pixel_693,Pixel_694,Pixel_695,Pixel_696,Pixel_697,Pixel_698,Pixel_699,Pixel_700,Pixel_701,Pixel_702,Pixel_703,Pixel_704,Pixel_705,Pixel_706,Pixel_707,Pixel_708,Pixel_709,Pixel_710,Pixel_711,Pixel_712,Pixel_713,Pixel_714,Pixel_715,Pixel_716,Pixel_717,Pixel_718,Pixel_719,Pixel_720,Pixel_721,Pixel_722,Pixel_723,Pixel_724,Pixel_725,Pixel_726,Pixel_727,Pixel_728,Pixel_729,Pixel_730,Pixel_731,Pixel_732,Pixel_733,Pixel_734,Pixel_735,Pixel_736,Pixel_737,Pixel_738,Pixel_739,Pixel_740,Pixel_741,Pixel_742,Pixel_743,Pixel_744,Pixel_745,Pixel_746,Pixel_747,Pixel_748,Pixel_749,Pixel_750,Pixel_751,Pixel_752,Pixel_753,Pixel_754,Pixel_755,Pixel_756,Pixel_757,Pixel_758,Pixel_759,Pixel_760,Pixel_761,Pixel_762,Pixel_763,Pixel_764,Pixel_765,Pixel_766,Pixel_767,
22:6:5:1:41:21:486,0.0000,0.0000,0.0000,,32.0654,73.5431,31.6500,100264,88.7100,0.0000,0.0000,0.0000,0.0000,0.0000,0.0000,0.0000,0.0000,0.0000,0.0000,0.0000,0.0000,0,0,0,0,0,0,0.0000000,0.0000000,0.0000000,
22:6:5:1:41:21:589,0.0000,0.0000,0.0000,,32.1070,73.5507,31.6700,100261,88.9619,0.0000,0.0000,0.0000,0.0000,0.0000,0.0000,0.0000,0.0000,0.0000,0.0000,0.0000,0.0000,0,0,0,0,0,0,0.0000000,0.0000000,0.0000000,
22:6:5:1:41:21:708,0.0000,0.0000,0.0000,,32.1253,73.5608,31.6800,100265,88.6260,0.0000,0.0000,0.0000,0.0000,0.0000,0.0000,0.0000,0.0000,0.0000,0.0000,0.0000,0.0000,0,0,0,0,0,0,0.0000000,0.0000000,0.0000000,
22:6:5:1:41:21:811,0.0000,0.0000,0.0000,,32.1499,73.5379,31.6900,100265,88.6260,0.0000,0.0000,0.0000,0.0000,0.0000,0.0000,0.0000,0.0000,0.0000,0.0000,0.0000,0.0000,0,0,0,0,0,0,0.0000000,0.0000000,0.0000000,
22:6:5:1:41:21:926,0.0000,0.0000,0.0000,,32.1592,73.5359,31.6900,100262,88.8779,0.0000,0.0000,0.0000,0.0000,0.0000,0.0000,0.0000,0.0000,0.0000,0.0000,0.0000,0.0000,0,0,0,0,0,0,0.0000000,0.0000000,0.0000000,
22:6:5:1:41:22:32,0.0000,0.0000,0.0000,,32.1720,73.5484,31.7000,100264,88.7100,0.0000,0.0000,0.0000,0.0000,0.0000,0.0000,0.0000,0.0000,0.0000,0.0000,0.0000,0.0000,0,0,0,0,0,0,0.0000000,0.0000000,0.0000000,
22:6:5:1:41:22:147,0.0000,0.0000,0.0000,,32.1798,73.5486,31.7000,100263,88.7940,0.0000,0.0000,0.0000,0.0000,0.0000,0.0000,0.0000,0.0000,0.0000,0.0000,0.0000,0.0000,0,0,0,0,0,0,0.0000000,0.0000000,0.0000000,
22:6:5:1:41:22:254,0.0000,0.0000,0.0000,,32.1867,73.5969,31.7000,100263,88.7940,0.0000,0.0000,0.0000,0.0000,0.0000,0.0000,0.0000,0.0000,0.0000,0.0000,0.0000,0.0000,0,0,0,0,0,0,0.0000000,0.0000000,0.0000000,
22:6:5:1:41:22:369,0.0000,358.0000,41.6000,A,32.1880,73.5969,31.7000,100267,88.4581,0.0000,0.0000,0.0000,0.0000,0.0000,0.0000,0.0000,0.0000,0.0000,0.0000,0.0000,0.0000,0,0,0,0,0,0,0.0000000,0.0000000,0.0000000,31.7612,31.6246,31.7427,31.8852,32.0403,31.9300,32.0216,32.1686,32.0430,32.0046,32.0493,32.2452,31.7344,32.0606,31.6894,32.2663,31.9136,32.0893,31.8834,32.2787,31.8922,32.1050,31.6936,32.4875,31.8928,32.0879,31.1953,32.0805,31.4463,32.1008,31.3410,31.9795,31.5610,31.5761,32.2838,31.8120,31.9066,31.8848,32.0995,31.8992,32.1076,31.5777,32.4785,31.7654,32.1237,31.6627,32.4853,32.0085,32.1098,31.6475,31.9743,31.6284,32.1339,31.8775,32.6809,31.8334,32.3269,31.6305,32.3460,31.7990,32.0966,31.8156,32.1208,31.5995,32.2829,31.9561,31.5714,32.1537,31.8915,32.1659,31.8188,32.2281,31.9015,31.7150,31.8783,32.0871,32.1292,31.8879,31.6052,32.2767,31.9275,32.1455,31.7620,32.2896,31.6084,32.1259,31.9523,32.3147,31.7450,31.7794,32.1225,31.9679,31.9261,31.7420,31.8647,32.4655,32.0679,31.4106,32.5030,31.6638,31.7284,31.5268,32.1082,31.7609,32.1278,31.7997,32.3060,32.1546,31.9802,31.8389,32.5153,31.8863,32.3044,31.8927,32.3164,32.2129,32.3417,31.7393,32.1776,31.8908,32.4768,31.6803,32.1593,31.8423,31.9149,31.4750,32.3617,31.4275,31.6134,32.2384,31.8308,32.4015,31.8756,31.8478,32.0755,32.2274,32.0837,31.7358,31.6010,32.4231,32.2820,32.0961,31.7826,32.4382,31.9653,31.9618,31.7787,32.2887,31.9585,32.1219,31.8070,32.3031,32.1496,32.1427,31.7608,32.2067,32.1600,31.9824,31.6752,32.2494,32.0897,31.9450,32.0857,31.9048,31.9593,31.7712,32.1441,31.9590,31.7839,31.6539,32.3193,31.8556,32.0178,31.7402,32.3610,31.7318,32.3187,32.0747,32.1892,31.9036,32.0075,32.0894,32.0306,31.8945,32.1674,31.9215,31.9893,31.9150,32.2022,32.0934,32.1431,31.7028,31.8811,31.7899,31.6650,32.2097,31.9374,31.8810,31.9022,32.0660,31.9758,32.0897,31.9475,32.4313,31.9876,31.6377,31.9580,32.4313,32.1205,32.1200,31.8068,32.2994,31.8417,31.9790,31.8148,32.1811,32.0077,31.9720,31.9879,32.1965,31.7765,31.8247,31.7552,32.2465,31.7573,31.3172,32.1825,31.5810,31.7957,31.6492,32.0201,31.6862,32.0086,31.7527,32.5289,31.8996,32.0433,31.9282,32.2060,31.5820,32.1845,31.7716,32.5272,32.0844,32.0523,31.6204,32.2006,32.0844,32.0592,31.9423,32.3881,31.9044,32.0144,31.9311,32.1789,31.7288,31.7069,32.0015,31.3201,32.5976,31.9819,31.8905,31.7883,32.4234,31.9935,32.2514,32.1166,32.4314,31.9954,31.9709,31.8078,32.7599,31.9946,32.1293,31.8276,32.3031,31.7220,32.1581,32.0082,32.2069,32.0068,32.2011,31.6286,32.1908,32.0214,31.8280,32.1289,32.2638,31.7542,31.5952,32.3456,31.6444,32.2282,31.8790,32.0482,31.7261,32.1989,31.8995,32.2209,32.2279,32.0678,31.8008,32.3873,31.9448,32.2179,31.8064,32.3701,31.9535,32.0664,31.9795,32.3932,31.7991,32.0676,31.6370,32.2143,31.9217,32.4060,31.9391,32.1939,31.7667,31.7361,32.0057,31.5181,32.6355,31.9616,32.0523,31.8075,32.5820,31.6543,32.4228,31.9775,32.3102,32.1453,31.9682,32.0308,32.6005,32.0272,32.3256,31.7058,32.3416,32.0365,32.3384,31.6834,32.3191,32.0249,32.5395,31.8548,32.5668,32.0147,32.0440,31.9612,32.2660,31.8100,31.6075,32.4124,32.0130,31.8902,31.7051,32.0613,31.8949,32.2163,31.9488,32.3941,32.0885,32.0707,31.7984,32.4035,31.9392,32.2195,31.9696,32.5484,32.1087,31.9131,31.6479,32.3929,31.7881,32.2456,31.6589,32.5838,32.3171,32.0728,31.7899,32.4519,32.1845,31.9950,31.8119,31.9664,32.4212,31.7998,32.0852,31.6602,32.4309,32.0149,32.1131,31.6995,32.6020,32.0414,31.9825,31.8899,32.4521,32.3286,32.0432,31.8816,32.5114,32.0353,32.0467,31.8714,32.5297,32.0351,31.8961,32.1924,32.5678,32.0316,32.0700,31.8288,32.2774,32.0624,31.4609,32.4403,31.6816,32.0716,31.5923,32.5896,31.5904,31.9359,31.7938,32.4176,31.7823,32.2692,31.8293,32.5694,31.8132,32.2457,31.7014,32.4106,32.1336,32.2580,31.8442,32.4173,31.9754,32.4011,31.8449,32.8108,31.9719,32.0954,31.6517,32.2912,31.8053,31.7886,32.2760,31.8168,32.4372,32.0317,32.1033,32.0270,32.2739,31.8907,32.1641,32.0492,32.3135,32.0691,32.3006,31.9089,32.3125,32.0331,32.1650,31.8968,32.6796,31.8866,32.0661,31.8731,32.5446,32.5452,32.2175,32.0385,32.2398,32.0603,31.8888,31.7926,32.0874,31.7067,31.7072,32.2939,32.0811,32.1350,31.7929,32.4575,32.1144,32.1179,31.9779,32.7604,31.9918,32.4559,31.8418,32.4490,32.3059,32.4567,32.3236,32.5954,32.0061,31.9644,32.0325,32.4770,31.9922,32.2937,31.9968,32.6688,31.8680,32.1242,31.8342,32.5039,31.8197,31.8127,32.0317,31.4949,32.4890,31.8592,32.2826,31.8808,32.5076,31.8871,32.3283,31.8610,32.6643,32.0656,32.0057,32.2119,32.5193,32.0642,31.7229,32.2228,32.2303,32.0921,32.2214,31.8976,32.5535,31.9301,32.0550,32.4140,32.4196,32.2856,32.0573,32.0279,32.6982,31.7189,31.6980,32.7007,31.9055,32.1583,31.6263,32.3238,32.1504,32.1540,31.8327,32.4653,31.9983,31.8764,31.8569,32.3272,32.0174,32.2740,32.0166,32.6208,32.3281,32.1833,31.8796,32.3405,32.0133,32.1300,32.0798,32.5171,31.8420,32.6795,31.6503,32.9280,32.4413,31.8675,31.9099,31.8560,32.5247,31.7357,32.3248,31.8996,32.5254,31.9256,32.3517,31.7601,32.8525,32.2499,32.2178,32.0772,32.8580,32.2321,32.3793,32.0880,32.7147,32.2358,32.2342,32.0707,32.6190,32.1056,32.2460,32.2573,32.4273,32.2592,32.0516,32.0396,32.7096,31.5378,31.3462,32.5563,31.7729,31.8573,31.6187,32.5797,32.1655,32.2151,32.2053,32.6752,31.8449,31.8759,32.0498,32.4972,32.1924,32.1792,32.2214,32.8150,32.3483,32.3648,32.2159,32.7071,32.5214,32.1486,32.2717,32.7431,32.0560,32.3459,32.2115,32.9855,32.0948,31.7424,31.9133,32.0972,32.3513,31.7767,32.3398,32.1029,32.7276,31.7820,32.1975,32.1025,32.7144,31.9755,32.3855,31.9450,32.7229,31.9527,32.0713,32.0948,32.5780,32.1313,32.4090,32.4450,32.7764,32.2624,32.4241,32.0853,32.4444,32.2990,32.0574,32.0470,32.5847,32.0620,31.5544,32.2216,31.7667,32.1010,32.0645,32.3969,32.0159,32.2451,32.0527,32.6029,32.2048,32.2458,31.9178,32.5394,32.2194,32.5128,32.1189,32.7468,32.0613,32.4024,32.0755,32.9307,32.5689,32.5838,32.1042,32.7879,32.2234,32.1934,31.8492,33.0476,32.1154,31.6758,32.1221,32.0999,32.7843,32.2970,32.3635,31.9265,32.9505,31.9450,32.3885,32.1245,33.1022,31.9465,32.3913,32.2946,32.4209,31.9174,32.2412,32.1250,32.7690,32.1323,32.2439,32.4665,32.6169,32.2962,32.6267,31.9450,32.6772,31.9362,32.2670,32.2831,32.8385,31.9864,31.6401,32.4155,32.1442,31.9664,32.1739,32.3987,32.3805,32.1586,32.0302,32.5402,32.1353,32.3107,32.3855,32.6988,32.1585,32.4619,32.3266,32.8682,32.3148,32.3441,32.1597,32.7019,32.5524,32.2907,32.1567,32.9389,32.1491,32.3201,32.1350,32.5644,32.4799,
22:6:5:1:41:22:531,0.0000,358.0000,41.6000,A,32.1701,73.5230,31.7000,100264,88.7100,0.0000,0.0000,0.0000,0.0000,0.0000,0.0000,0.0000,0.0000,0.0000,0.0000,0.0000,0.0000,0,0,0,0,0,0,0.0000000,0.0000000,0.0000000,
22:6:5:1:41:22:651,0.0000,82.0000,40.8000,A,32.1775,73.5314,31.7000,100264,88.7100,0.0000,0.0000,0.0000,0.0000,0.0000,0.0000,0.0000,0.0000,0.0000,0.0000,0.0000,0.0000,0,0,0,0,0,0,0.0000000,0.0000000,0.0000000,
22:6:5:1:41:22:754,0.0000,82.0000,40.8000,A,32.1932,73.5090,31.7000,100269,88.2902,0.0000,0.0000,0.0000,0.0000,0.0000,0.0000,0.0000,0.0000,0.0000,0.0000,0.0000,0.0000,0,0,0,0,0,0,0.0000000,0.0000000,0.0000000,
22:6:5:1:41:22:873,0.6000,18.0000,40.3000,A,32.1934,73.5824,31.7100,100266,88.5421,0.0000,0.0000,0.0000,0.0000,0.0000,0.0000,0.0000,0.0000,0.0000,0.0000,0.0000,0.0000,0,0,0,0,0,0,0.0000000,0.0000000,0.0000000,
22:6:5:1:41:22:976,0.6000,18.0000,40.3000,A,32.2033,73.5146,31.7100,100269,88.2902,0.0000,0.0000,0.0000,0.0000,0.0000,0.0000,0.0000,0.0000,0.0000,0.0000,0.0000,0.0000,0,0,0,0,0,0,0.0000000,0.0000000,0.0000000,
22:6:5:1:41:23:92,0.2000,220.0000,38.9000,A,32.2033,73.4956,31.7100,100264,88.7100,0.0000,0.0000,0.0000,0.0000,0.0000,0.0000,0.0000,0.0000,0.0000,0.0000,0.0000,0.0000,0,0,0,0,0,0,0.0000000,0.0000000,0.0000000,
22:6:5:1:41:23:199,0.2000,220.0000,38.9000,A,32.2075,73.4883,31.7100,100266,88.5421,0.0000,0.0000,0.0000,0.0000,0.0000,0.0000,0.0000,0.0000,0.0000,0.0000,0.0000,0.0000,0,0,0,0,0,0,0.0000000,0.0000000,0.0000000,
22:6:5:1:41:23:315,0.7000,266.0000,38.1000,A,32.2067,73.4967,31.7100,100265,88.6260,0.0000,0.0000,0.0000,0.0000,0.0000,0.0000,0.0000,0.0000,0.0000,0.0000,0.0000,0.0000,0,0,0,0,0,0,0.0000000,0.0000000,0.0000000,31.9188,32.0477,31.8897,32.0566,31.7544,31.8801,32.1478,32.3148,31.9724,31.9560,32.1659,32.3785,31.6659,32.0130,31.7991,32.2157,32.2011,31.6837,32.3623,32.2267,31.4538,32.4205,31.6198,32.2392,32.0140,31.8301,31.9630,32.0206,32.0220,31.5873,31.4903,32.3957,31.2540,31.7213,32.2185,31.9521,31.8491,31.6029,32.6255,31.8242,31.8690,31.8727,32.2405,32.0551,32.0722,32.1210,32.4299,31.7602,32.2336,31.7493,32.2772,32.0907,31.9023,31.8002,32.2535,32.1343,32.4642,31.7449,32.2836,31.9213,31.8189,31.9406,32.2869,32.2088,31.9654,31.9028,32.1379,32.3090,31.6200,31.9231,32.1275,31.8079,32.0105,32.3731,31.9854,32.2101,32.0634,32.0104,32.0498,32.2277,32.3706,31.9293,31.8651,32.4102,31.8846,32.0769,32.2381,31.9063,32.0404,31.7266,32.0448,31.9099,31.8434,31.6836,32.2267,32.1704,31.5508,31.5467,32.4403,32.2013,32.0594,31.8353,32.2368,32.4156,32.0767,31.5546,32.4223,32.2545,31.9306,31.9355,32.2955,31.9821,32.0895,31.9883,32.4297,31.9730,32.1234,31.8349,31.9461,32.3402,32.2452,31.9727,31.9054,32.1521,32.0602,31.9918,32.2954,31.7740,31.5324,31.7661,31.9584,32.1521,32.1853,31.9851,32.0070,32.3575,31.8500,32.0292,32.0356,32.5434,32.3814,32.0507,32.0440,32.2280,32.2292,31.9156,32.2053,32.2401,32.0595,32.0746,31.9085,32.2519,32.0818,32.0919,32.2487,32.1506,32.0799,31.9262,32.0209,32.1838,31.8159,31.6565,32.2280,32.0244,32.2776,31.8800,32.0880,32.0645,31.9033,31.9211,32.4296,32.1216,32.2893,32.3160,32.3081,32.3083,31.9491,31.8463,32.6227,31.9969,32.4495,32.0171,32.1433,31.8206,32.2884,31.8437,32.2994,32.0156,31.9538,32.2007,32.2907,31.8162,31.5914,31.9427,32.1746,32.5448,32.2268,31.8349,32.1832,32.1896,32.0741,32.2074,32.2074,32.3846,32.3994,32.0651,32.2120,32.2244,32.0599,32.2336,32.0608,32.2511,31.9356,31.9321,32.0822,32.4663,32.2729,31.9223,32.0918,32.1422,31.7006,32.1494,32.0821,31.9749,32.3174,31.8407,32.1220,31.8882,31.9202,31.9227,32.4791,32.1253,31.9587,32.0044,32.6355,32.1507,32.3087,32.1718,32.1536,32.1513,32.4483,32.0183,32.3176,32.0152,32.0028,32.1883,32.3118,32.1778,31.8440,32.0353,32.1555,31.8246,31.9587,32.2192,31.9149,32.0432,31.8301,31.9521,31.6254,32.7328,31.9124,32.0164,32.0604,32.3760,31.9289,32.3695,32.2120,32.2263,31.7766,31.9265,32.0584,32.4051,32.3919,31.9297,31.9232,32.4114,31.9705,31.8016,31.6180,32.4792,32.1066,31.8197,31.9088,32.3151,31.9455,31.7739,32.0492,32.2014,31.6947,31.7121,32.0993,32.1189,32.0039,32.1479,32.3267,31.9856,32.3067,32.1542,32.3249,32.0025,32.1730,32.0384,32.6418,32.0304,32.0177,32.0443,32.0016,32.1945,32.1721,32.0629,32.3386,32.3697,32.3468,32.0556,32.3308,32.0194,32.3502,32.2224,32.5244,32.2646,32.2552,32.1532,32.0069,32.2220,32.2361,32.0069,31.9079,32.5350,32.0715,32.3784,32.2287,32.2635,32.0841,32.0781,31.9666,32.2430,32.4196,32.2805,32.2620,32.2937,31.9731,32.1342,32.1023,32.2693,32.1216,32.3264,32.1224,32.3424,32.1171,31.9901,31.8804,32.2041,32.1462,31.7232,32.3512,32.1203,32.0066,32.1467,32.1707,32.1556,32.0074,31.8788,32.3401,32.0199,32.1749,32.0370,32.5014,32.1806,32.1713,32.0530,32.1883,32.0393,32.0184,31.8918,32.0170,32.0389,32.0318,32.0734,32.1890,31.8954,32.1938,31.8849,32.3892,32.2844,32.1124,31.7629,32.4455,32.5530,32.0779,31.8707,31.9259,32.3835,32.1079,32.2268,32.2671,32.3983,32.5848,32.0901,32.1295,32.2515,32.1148,32.1480,32.2792,32.4630,31.9698,32.4639,31.9635,32.1555,32.2940,32.1724,32.1193,32.3417,31.9552,32.1931,32.3263,32.4102,32.1988,31.9617,32.1940,31.7860,32.1898,31.8525,32.5321,32.3377,31.8840,32.0395,32.5190,32.0274,32.2182,32.0630,32.3647,32.2043,32.1963,32.0812,32.3564,31.7519,32.3611,31.9258,32.0436,32.2236,32.1875,32.0917,32.2395,32.0633,32.0383,32.0963,32.2272,32.2944,31.9035,32.0342,31.9232,32.2053,31.7859,32.2238,32.1220,32.0615,31.9841,32.4341,32.1380,32.5698,32.1541,32.1033,32.1464,32.1116,32.1213,32.1193,32.1401,32.1682,32.1312,32.1722,31.9659,32.4937,32.1476,32.3333,32.3087,32.5294,32.3347,31.8343,32.1001,32.4189,32.2411,32.1962,32.2293,32.1822,32.4192,31.8833,32.3982,32.2043,32.0644,31.9048,32.5481,32.3795,32.2516,32.2278,32.6954,32.2340,32.2539,31.9494,32.3853,32.0870,32.3776,31.8047,32.7420,31.9158,32.2403,31.7507,32.4368,31.7853,32.0655,31.7466,32.4384,32.3119,32.1318,32.1786,31.9766,32.4372,32.3075,32.2346,32.1437,32.2936,32.2994,32.1213,32.2736,32.4569,32.3048,32.2674,31.9885,32.3144,32.3090,31.9890,32.1533,32.4912,32.1796,32.0155,32.3150,32.1755,32.6770,32.0041,32.1596,32.3641,32.3841,32.0021,32.1381,32.6344,32.0581,31.8063,32.4478,32.1940,32.2732,32.0589,32.4296,32.2369,32.4195,31.9178,32.5672,32.0822,32.1323,31.7828,32.4219,32.5635,32.2219,32.4085,32.5631,32.2534,32.5966,32.1168,32.2813,32.4235,32.2385,31.9968,32.4548,32.1067,32.4386,32.2933,32.2721,31.9429,32.1929,32.4561,32.1552,32.6573,32.1861,32.6296,32.1657,32.6432,32.0144,32.3037,32.3335,32.6410,32.3355,32.3247,32.3255,32.3343,32.1618,32.4869,32.3345,32.6633,32.3248,32.3444,32.1629,32.5654,32.1984,32.1935,32.3535,32.5517,31.8000,32.3754,32.3546,32.0229,31.8895,32.4525,32.4854,32.2460,32.1504,32.2463,32.5150,32.2539,32.3188,32.2859,32.6137,32.2538,31.9781,32.1277,32.5963,32.2728,32.5927,32.1426,32.4369,32.2690,32.1477,31.9761,32.8116,32.6068,32.4284,32.3555,32.8549,32.1492,32.0952,31.9253,32.5111,31.7791,32.2757,32.0649,32.3991,32.8820,32.2306,32.4711,32.0200,32.6744,32.3752,32.3159,32.1914,32.6626,32.3775,32.3363,32.5219,32.8330,32.3688,32.1828,32.1839,32.5250,32.5530,32.0278,32.5360,32.8909,32.3553,32.1916,32.3704,32.5723,32.3997,31.9983,32.1626,32.5161,32.4135,32.0782,32.3449,32.4616,32.5761,32.1574,32.5054,32.4572,32.1829,32.3038,32.5380,32.4554,32.1860,32.3168,32.8021,32.4623,32.1272,32.1975,32.6835,32.3064,32.5097,32.4867,32.6949,32.6539,32.6954,32.1918,32.7190,32.3165,32.5131,32.1427,32.5481,32.4374,32.0125,32.2831,32.6302,32.7254,32.3994,32.3094,32.2126,32.8945,32.7450,32.5121,32.2161,32.8733,32.3748,32.0049,32.3836,32.7002,32.3476,32.1896,32.5536,32.7142,32.2243,32.3633,32.7403,32.7403,32.3911,32.2007,32.2375,32.6147,32.2407,32.4114,32.3968,32.7671,32.3474,32.1841,32.5405,32.2411,32.4782,31.8758,32.6965,32.6465,32.4442,32.4614,32.2908,32.5663,32.4156,32.2911,32.6280,32.4001,32.3974,32.2333,32.7977,32.3915,32.2786,32.2356,32.8083,32.2720,32.2221,31.8660,32.6666,32.0387,32.6496,31.8124,32.7002,32.5780,
22:6:5:1:41:23:479,0.7000,266.0000,38.1000,A,32.1821,73.4953,31.7100,100269,88.2902,0.0000,0.0000,0.0000,0.0000,0.0000,0.0000,0.0000,0.0000,0.0000,0.0000,0.0000,0.0000,0,0,0,0,0,0,0.0000000,0.0000000,0.0000000,
22:6:5:1:41:23:595,0.2000,94.0000,37.5000,A,32.1947,73.5651,31.7100,100265,88.6260,0.0000,0.0000,0.0000,0.0000,0.0000,0.0000,0.0000,0.0000,0.0000,0.0000,0.0000,0.0000,0,0,0,0,0,0,0.0000000,0.0000000,0.0000000,
22:6:5:1:41:23:698,0.2000,94.0000,37.5000,A,32.2027,73.5444,31.7100,100265,88.6260,0.0000,0.0000,0.0000,0.0000,0.0000,0.0000,0.0000,0.0000,0.0000,0.0000,0.0000,0.0000,0,0,0,0,0,0,0.0000000,0.0000000,0.0000000,
22:6:5:1:41:23:818,0.7000,268.0000,37.2000,A,32.2016,73.5052,31.7100,100263,88.7940,0.0000,0.0000,0.0000,0.0000,0.0000,0.0000,0.0000,0.0000,0.0000,0.0000,0.0000,0.0000,0,0,0,0,0,0,0.0000000,0.0000000,0.0000000,
22:6:5:1:41:23:921,0.7000,268.0000,37.2000,A,32.2126,73.5423,31.7200,100261,88.9619,0.0000,0.0000,0.0000,0.0000,0.0000,0.0000,0.0000,0.0000,0.0000,0.0000,0.0000,0.0000,0,0,0,0,0,0,0.0000000,0.0000000,0.0000000,
22:6:5:1:41:24:40,0.4000,255.0000,36.8000,A,32.2071,73.4848,31.7100,100262,88.8779,0.0000,0.0000,0.0000,0.0000,0.0000,0.0000,0.0000,0.0000,0.0000,0.0000,0.0000,0.0000,0,0,0,0,0,0,0.0000000,0.0000000,0.0000000,
22:6:5:1:41:24:143,0.4000,255.0000,36.8000,A,32.2172,73.4851,31.7200,100265,88.6260,0.0000,0.0000,0.0000,0.0000,0.0000,0.0000,0.0000,0.0000,0.0000,0.0000,0.0000,0.0000,0,0,0,0,0,0,0.0000000,0.0000000,0.0000000,
22:6:5:1:41:24:263,0.5000,129.0000,36.5000,A,32.2117,73.4684,31.7200,100264,88.7100,0.0000,0.0000,0.0000,0.0000,0.0000,0.0000,0.0000,0.0000,0.0000,0.0000,0.0000,0.0000,0,0,0,0,0,0,0.0000000,0.0000000,0.0000000,
22:6:5:1:41:24:366,0.5000,129.0000,36.5000,A,32.2214,73.5393,31.7200,100267,88.4581,0.0000,0.0000,0.0000,0.0000,0.0000,0.0000,0.0000,0.0000,0.0000,0.0000,0.0000,0.0000,0,0,0,0,0,0,0.0000000,0.0000000,0.0000000,32.1494,32.1844,32.1057,32.6431,32.1577,32.4288,32.1395,32.6461,31.9655,32.4638,32.3454,32.6960,32.0213,32.5049,31.9711,32.7073,32.0194,32.3524,32.1732,32.5442,32.0023,32.1894,32.1814,32.7621,31.8092,32.5756,31.7389,32.5910,31.7857,32.4069,32.1949,32.5434,32.6043,31.9372,32.8052,31.9391,32.5942,32.2014,32.7636,32.0093,32.1907,31.8640,32.7401,32.0474,32.9110,31.7593,32.7395,32.2819,32.5412,31.9156,32.4141,32.4383,32.9355,32.1488,32.9446,31.9322,32.7921,31.7309,32.6313,31.9045,32.1768,31.9201,32.4318,32.1819,31.9500,32.7081,31.6969,32.6517,32.0041,32.2505,32.1206,32.3121,32.0049,32.5056,32.1542,32.3432,31.8913,32.4788,32.2153,32.5295,32.0299,32.5680,32.2002,32.5440,32.2222,32.5544,32.2313,32.7515,32.0334,32.6183,32.2303,32.8488,31.8302,32.6425,31.7616,32.5432,32.1476,31.9721,32.3711,32.1904,32.7735,31.6352,32.5592,32.4078,32.5595,32.0697,32.7280,32.0790,32.3941,31.7637,32.4313,32.1412,32.5561,31.9812,32.8991,32.1350,32.5938,31.6563,32.7834,32.1557,32.3805,31.7745,32.4323,31.9408,32.4025,31.5694,32.8783,31.7498,32.1739,32.5325,32.3558,32.4848,31.7990,32.6706,32.0011,32.6686,32.0178,32.4992,32.0315,32.5078,32.2168,32.3455,32.2030,32.5229,32.0649,32.6917,32.0380,32.7004,31.5591,32.3731,32.0725,32.7310,32.0766,32.4033,32.2395,32.6587,32.2621,32.2648,32.0069,32.7578,32.5972,32.0576,32.5701,32.2100,32.5993,32.0533,32.2247,32.4089,32.3734,31.9149,32.7280,32.2827,32.7416,32.1495,32.6029,31.8198,32.7248,32.0001,32.5959,32.1534,32.7464,31.6800,32.6140,32.1545,32.7663,31.6584,32.6212,32.3673,32.6650,32.1845,32.6435,32.2199,31.9976,32.4815,31.9717,32.6788,32.2203,32.6634,31.8310,32.4926,32.0705,32.3387,32.0420,32.5164,32.2383,32.5095,32.0505,32.3564,32.2157,32.5239,32.0574,32.7035,31.9323,32.3859,32.2442,32.6010,32.1027,32.2283,32.0838,32.6386,31.8778,32.4770,32.2735,32.7405,32.4578,31.8285,32.6428,32.0697,32.4109,32.2594,32.7867,32.1189,32.4145,31.9984,32.4509,32.3046,32.2856,32.1665,32.4453,31.9873,32.5813,31.8545,32.2959,32.3265,32.7645,32.0219,32.6133,32.1697,32.6367,32.0249,32.8171,32.1727,32.6508,32.2042,32.6579,31.4039,31.8185,32.6803,31.8060,32.6814,31.9062,32.4907,31.7174,33.0041,32.0852,32.8255,32.0505,32.6747,31.9301,32.5174,32.2121,32.8448,31.9318,32.3702,31.9202,32.8549,31.9675,32.2441,32.0982,32.9350,32.2681,32.4520,32.0771,32.6293,32.3011,32.4691,31.8379,32.5430,32.0357,31.8972,32.7952,31.9266,32.8216,32.1402,32.6302,31.8148,32.5995,32.1483,32.7741,32.1551,32.6155,31.7271,32.3157,32.4832,32.7566,32.1915,32.9237,32.1882,32.6158,32.0557,32.9515,32.2007,32.9752,32.0458,32.8159,32.0078,33.0280,32.0238,32.6652,32.0475,32.0471,32.4832,31.9988,32.9013,32.0599,32.3107,32.0700,32.6669,32.3880,32.8236,32.0671,32.5533,32.2361,32.5172,32.1162,32.3751,31.9649,32.7186,31.9489,32.7371,31.9702,32.7392,32.0976,32.5648,32.4430,32.4611,32.1146,32.6498,32.1073,32.8491,32.2604,32.5430,32.6802,32.1036,32.4914,32.1111,32.8199,31.9678,32.6372,32.3141,32.6175,32.0291,32.6324,32.1710,32.6150,31.8780,32.7877,32.0205,32.6052,32.0468,32.6305,32.1882,32.7693,32.0418,32.4745,32.0308,32.3304,31.8993,32.6641,32.3954,33.0383,31.6900,32.7238,32.0682,31.7002,32.2884,31.8816,32.8675,32.2452,32.5072,32.2535,32.5157,31.9446,32.5165,32.2630,32.6869,32.2774,32.3731,32.2777,32.6905,32.1120,32.5801,32.2752,32.7508,32.1204,32.7509,32.1180,32.6139,32.2891,32.6321,32.2828,32.8227,31.9454,32.6844,31.9286,32.5520,32.7363,31.5582,32.7021,32.1380,32.6729,32.0106,32.8349,32.1671,32.6528,31.8739,32.6556,32.3349,32.5053,32.2081,32.5006,32.0446,32.6303,31.9245,32.7984,32.3645,32.6499,32.0718,32.4985,32.3758,32.8073,32.0808,32.7208,32.2231,32.7047,31.7272,32.5612,32.2738,31.8891,32.3611,32.0968,33.0626,32.1206,32.6895,32.2804,32.5227,31.9790,32.7238,32.2890,32.7019,32.3010,32.5388,31.9901,32.7031,31.9659,32.8536,32.2902,32.9179,31.9710,32.6115,31.9598,32.7894,32.4700,32.7993,32.2995,32.8381,31.9694,32.3295,32.0871,32.5613,32.7818,31.9897,32.7376,32.1703,32.5583,32.0402,32.7017,32.3597,32.5213,32.2125,32.6855,32.2194,32.9928,32.0683,32.8321,32.2263,32.8438,32.0924,32.6763,32.3860,32.6678,32.2545,32.7193,32.0676,32.8680,32.0721,32.5772,32.1169,32.7350,31.9089,32.5818,32.0933,31.9156,32.3135,31.9644,32.7576,32.2980,32.7087,32.3033,32.7562,32.2931,32.5747,31.9448,32.4316,32.2997,32.8595,31.9820,32.9150,32.4599,32.4338,32.1471,32.9352,32.3299,32.4643,32.1444,32.7999,32.3420,32.4759,32.6745,32.8519,32.1914,32.5067,32.3198,32.9744,32.6067,31.5925,32.5915,32.1804,32.5880,31.5348,32.9040,31.7353,32.5573,32.0690,32.7058,32.2320,32.4240,31.9291,32.8641,32.2443,32.6683,32.2439,32.5451,32.3994,32.8889,32.1063,32.4210,32.4122,32.5392,31.9835,33.1193,32.4419,32.7600,31.7251,33.2002,31.9192,31.7543,32.9902,31.7537,32.9796,32.1731,32.9406,32.1552,32.9466,31.8415,32.7612,31.8403,33.0975,32.1703,32.6121,32.3180,32.7846,31.9979,32.4650,32.3266,32.9599,32.6392,33.1154,32.1536,33.0375,32.3576,32.6705,32.3410,33.0521,32.1591,32.5148,32.3370,32.7880,32.6682,31.6328,32.6312,32.4164,32.8258,32.0545,32.8284,32.0714,32.7833,32.1130,33.0755,32.0808,32.7506,32.2725,32.8948,32.5782,32.7303,32.2866,32.8941,32.5817,33.0892,31.8042,33.1183,32.5939,32.7357,32.1703,33.3508,32.1324,32.9851,32.0959,33.0610,32.1708,31.8286,32.4095,32.1826,32.8247,32.0342,32.7887,32.1834,32.9849,32.1955,32.7857,32.1810,33.1299,32.2080,32.7907,32.3490,32.8065,32.1970,32.6393,32.1741,33.1533,32.5430,32.8224,32.8653,33.1973,32.3437,32.6854,32.5407,32.8986,32.3820,32.9264,32.1420,33.0949,32.5649,31.6378,32.4937,31.8497,32.5410,31.9562,32.8260,32.0899,32.6620,31.9527,33.1781,32.2750,32.8069,32.3034,32.9432,32.6115,32.9209,32.1843,33.1520,32.4567,33.1476,32.4719,32.8380,32.4654,32.8371,32.1742,33.2354,32.2964,33.0430,32.1194,32.6976,32.1906,31.9858,32.8595,32.3979,33.0685,31.7956,33.0224,32.1957,33.0323,32.3775,32.9986,32.0257,33.0102,32.1935,32.3085,32.3710,33.0028,32.5059,32.6598,32.3713,33.0212,32.5556,32.8434,32.3673,33.0594,32.3759,32.7094,32.2179,33.5357,32.6214,32.9644,32.3703,33.1403,32.5056,31.7109,32.9078,32.0075,32.6287,31.8511,33.0350,32.4403,32.5907,32.0876,32.9671,32.7211,32.7308,32.4404,33.1149,32.3810,33.0458,32.2143,33.1137,32.5429,32.5949,32.2150,33.1344,32.4314,32.7337,32.2139,33.2056,32.4062,32.5978,32.1974,33.2974,32.5404,
22:6:5:1:41:24:542,0.6000,124.0000,36.1000,A,32.1901,73.5493,31.7100,100267,88.4581,0.0000,0.0000,0.0000,0.0000,0.0000,0.0000,0.0000,0.0000,0.0000,0.0000,0.0000,0.0000,0,0,0,0,0,0,0.0000000,0.0000000,0.0000000,
22:6:5:1:41:24:649,0.6000,124.0000,36.1000,A,32.2041,73.4768,31.7200,100267,88.4581,0.0000,0.0000,0.0000,0.0000,0.0000,0.0000,0.0000,0.0000,0.0000,0.0000,0.0000,0.0000,0,0,0,0,0,0,0.0000000,0.0000000,0.0000000,
22:6:5:1:41:24:765,0.6000,209.0000,36.0000,A,32.2060,73.5027,31.7200,100265,88.6260,0.0000,0.0000,0.0000,0.0000,0.0000,0.0000,0.0000,0.0000,0.0000,0.0000,0.0000,0.0000,0,0,0,0,0,0,0.0000000,0.0000000,0.0000000,
22:6:5:1:41:24:872,0.6000,209.0000,36.0000,A,32.2109,73.4753,31.7200,100265,88.6260,0.0000,0.0000,0.0000,0.0000,0.0000,0.0000,0.0000,0.0000,0.0000,0.0000,0.0000,0.0000,0,0,0,0,0,0,0.0000000,0.0000000,0.0000000,
22:6:5:1:41:24:988,1.3000,162.0000,35.9000,A,32.2121,73.4728,31.7200,100268,88.3741,0.0000,0.0000,0.0000,0.0000,0.0000,0.0000,0.0000,0.0000,0.0000,0.0000,0.0000,0.0000,0,0,0,0,0,0,0.0000000,0.0000000,0.0000000,
22:6:5:1:41:25:91,1.3000,162.0000,35.9000,A,32.2193,73.5089,31.7200,100267,88.4581,0.0000,0.0000,0.0000,0.0000,0.0000,0.0000,0.0000,0.0000,0.0000,0.0000,0.0000,0.0000,0,0,0,0,0,0,0.0000000,0.0000000,0.0000000,
22:6:5:1:41:25:210,0.7000,273.0000,35.7000,A,32.2165,73.4604,31.7300,100264,88.7100,0.0000,0.0000,0.0000,0.0000,0.0000,0.0000,0.0000,0.0000,0.0000,0.0000,0.0000,0.0000,0,0,0,0,0,0,0.0000000,0.0000000,0.0000000,
22:6:5:1:41:25:313,0.7000,273.0000,35.7000,A,32.2252,73.4806,31.7300,100264,88.7100,0.0000,0.0000,0.0000,0.0000,0.0000,0.0000,0.0000,0.0000,0.0000,0.0000,0.0000,0.0000,0,0,0,0,0,0,0.0000000,0.0000000,0.0000000,
22:6:5:1:41:25:433,0.4000,344.0000,35.7000,A,32.2205,73.4779,31.7300,100267,88.4581,0.0000,0.0000,0.0000,0.0000,0.0000,0.0000,0.0000,0.0000,0.0000,0.0000,0.0000,0.0000,0,0,0,0,0,0,0.0000000,0.0000000,0.0000000,32.5372,31.9624,32.2425,32.2090,32.4991,31.8217,32.6696,32.2669,32.4751,32.2914,32.2906,32.7110,32.3323,31.9811,32.2786,32.3652,32.5030,31.8329,32.4868,32.3774,32.1337,32.0215,32.3142,32.5855,33.1122,32.3895,32.5086,32.3934,32.3662,31.7473,32.3366,32.3203,31.8991,32.3088,32.6000,32.7403,32.2061,32.5403,32.5848,32.5322,32.3905,32.5492,32.5740,32.3615,32.5740,32.4240,32.4073,32.4159,32.3818,32.3985,32.4293,32.7503,32.0525,32.6431,32.4068,32.6397,32.2334,32.2677,32.4411,32.2588,32.1931,32.0667,32.4497,32.3340,32.7800,32.2788,32.4758,32.4597,32.3340,32.4590,32.4403,32.1425,32.6650,32.1684,32.4573,32.3580,32.5234,31.9879,32.5140,32.2073,32.6643,32.4144,32.6689,32.3886,32.5229,32.2259,32.5408,32.2359,32.5308,32.2575,32.7558,32.0668,32.3786,32.4553,32.5744,32.3356,31.9371,32.3307,32.5970,32.5312,32.0194,32.1523,32.5745,32.7221,32.2260,32.3763,32.4021,32.8859,32.0789,32.2271,32.2800,32.7692,32.0702,32.6127,32.2451,32.7737,32.2725,32.3005,32.4492,32.2920,32.2153,32.0994,32.4483,32.6709,32.2152,31.9161,32.4559,32.1240,32.5272,32.1287,32.6926,31.9056,32.4997,32.1329,32.3103,32.3267,32.3167,32.3444,32.3268,32.0174,32.3452,32.3595,32.4938,32.2125,32.6794,32.2235,32.3304,32.2240,32.5150,32.0563,32.5412,32.2294,32.7281,32.2424,32.1863,32.4905,32.5918,32.0823,32.3595,32.5618,32.1864,32.4027,32.3836,32.3457,32.0578,32.5493,32.2401,32.3663,32.0513,32.2151,32.5792,32.9130,32.4366,32.2822,32.4581,32.4351,32.5781,32.2924,32.4486,32.4492,32.5971,31.9798,32.6289,32.8008,32.2660,32.4918,31.9014,32.6880,31.9179,32.5217,32.2381,32.5798,32.7578,32.2947,32.4925,32.5014,32.5311,32.1560,32.4813,32.1657,32.6860,32.1903,32.6552,32.3715,32.5249,32.2101,32.3372,32.2108,32.3431,32.0615,32.5030,32.3987,32.5334,32.2399,32.5413,32.4485,32.5642,32.2434,32.5691,32.2957,32.7554,32.4933,32.6138,32.5516,32.0617,32.3671,32.4686,32.5858,32.2486,32.2211,32.1169,32.5898,32.2679,32.2914,32.4656,32.5949,32.2995,32.6086,32.3033,32.7528,32.4394,32.4599,32.3106,32.6174,32.4652,32.1559,32.2975,32.6365,32.3229,32.3318,32.3095,32.4899,32.2972,32.5318,32.0734,32.5787,32.3595,32.4975,32.3159,32.5114,32.5503,32.3338,32.8592,32.6881,32.3740,32.3518,32.6530,32.5308,32.5253,32.3781,32.8070,32.5514,32.3652,32.0753,32.3665,32.0902,32.4081,32.2584,32.3895,32.4677,32.7295,32.3015,32.7342,32.1121,32.6175,32.2998,32.3730,32.3618,32.0518,32.6241,31.8821,32.7922,32.4966,32.6142,32.1450,32.6041,32.4554,32.2811,32.1606,32.6020,32.3213,32.3179,32.4842,32.4626,32.4682,32.6295,32.1520,32.4760,32.3204,32.3442,32.1711,32.6564,32.4966,32.3466,32.3105,32.8513,32.5036,32.5321,32.2891,32.1932,32.5783,32.3021,32.3180,32.5532,32.3615,32.1529,32.6982,32.3494,32.8339,32.3657,32.1962,32.4103,32.5173,32.3771,32.7023,32.3895,32.5457,32.5795,32.6961,32.2860,32.5632,32.1238,32.3892,32.7411,32.7356,32.4760,32.4172,32.8360,32.5979,32.1441,32.7871,32.5608,32.3025,32.4380,32.3228,32.6100,31.9888,32.6145,32.3231,32.6124,32.3150,32.1627,32.3344,32.6166,32.1698,32.4697,32.5003,32.6156,32.1682,32.3324,32.1854,32.3213,32.4754,32.4900,32.1689,32.3272,32.3447,32.5263,32.5114,32.7033,32.1707,32.3705,32.3545,32.4100,33.0312,32.1079,32.5701,32.3386,32.3769,32.5213,33.0466,32.2026,32.7082,32.2136,32.5502,32.5446,32.8612,32.2352,32.5583,32.5514,32.8428,32.2943,32.4047,32.6109,32.7123,32.4567,32.4082,32.4674,32.4199,32.3224,32.7578,32.3221,32.2560,32.5238,32.4513,32.1807,31.9609,32.4759,32.5353,32.8152,32.1697,32.6443,32.5203,32.7898,32.1932,32.1665,32.5141,32.6240,32.3677,32.4922,32.3648,32.4841,32.1945,32.3577,32.5073,32.8064,32.5104,32.6662,32.1963,32.8328,32.1762,32.5419,32.5659,32.3617,32.1931,32.2225,32.3868,32.8083,32.8230,32.3762,32.5994,32.7167,32.7665,32.3705,32.7410,32.2091,32.4311,32.4228,32.7308,32.4129,32.7339,32.4009,32.7255,32.4119,32.3988,32.4162,32.7295,32.4713,32.4119,32.1669,32.5762,32.6438,32.4376,32.3178,32.6056,32.6825,32.6353,32.1675,32.6127,32.1855,32.4016,32.7038,32.3886,32.6699,32.0617,32.5100,32.5531,32.8223,32.0560,32.5047,32.5452,32.5061,32.5539,32.5063,32.3941,32.9700,32.5556,32.5282,32.3835,32.6735,32.6822,32.5424,32.7347,32.6875,32.5560,32.5417,32.2501,32.7716,32.3983,32.4062,32.4055,33.0249,32.2568,31.9341,32.8477,32.4030,32.4322,32.2118,32.6041,32.4428,32.7444,32.4289,32.3981,32.4464,32.5830,32.5671,32.7264,32.4630,32.7445,32.1366,32.5922,32.6404,32.7718,32.3219,32.7649,32.4898,32.9650,32.4912,32.6347,32.5183,32.8680,32.3402,32.4591,32.5981,32.4223,32.5216,32.4229,32.6905,32.4299,32.3556,32.2516,32.6891,32.4123,32.2056,32.4003,32.6856,32.4388,32.5276,32.7276,32.6896,32.3724,32.6899,32.5607,32.6896,32.2821,32.4004,32.5998,32.7120,32.2281,32.4580,32.6127,32.7574,32.5957,32.6017,32.4347,33.0564,32.7348,32.4094,32.6635,32.6235,32.8401,32.6020,32.6328,32.4557,32.6288,32.4521,32.6192,32.9514,32.6176,32.6264,32.4505,32.7996,32.9132,32.4796,32.6184,32.4901,32.7713,32.3345,32.6218,32.7184,32.6605,32.5162,32.8313,32.5257,32.6698,32.3415,32.6805,32.1866,32.0560,32.5780,32.4564,33.1158,32.4879,32.5496,32.6748,32.7187,32.3124,32.7326,32.6090,32.7034,32.2914,32.7190,32.7517,32.5571,32.4334,32.7338,32.4333,33.0419,32.4630,32.5798,32.6363,32.7326,32.2462,32.6519,33.0147,33.0042,32.8154,32.6218,32.4743,32.9455,33.0311,32.4257,33.1122,32.4500,32.8933,32.4398,32.8483,32.8263,32.6670,32.4657,32.9789,32.8133,32.8198,32.1651,32.8088,32.6598,32.9819,32.4936,32.9675,32.8411,33.0087,32.3442,33.0005,32.8748,32.6517,32.5236,33.0482,33.1014,32.9056,32.3540,32.4976,33.1140,32.3706,32.4114,32.5129,32.9794,32.3779,32.4676,32.4906,32.7583,32.6784,32.5974,32.5319,32.9137,32.3429,32.7627,32.6340,32.9120,32.4464,32.6467,32.8420,32.9234,32.6662,32.9421,32.8548,33.1231,32.3359,32.4971,32.8820,33.1923,32.2893,32.6618,32.5043,33.2124,32.5782,32.4402,33.3790,32.8821,33.1042,32.8467,32.8974,32.8658,33.0444,32.6638,32.6913,33.0260,33.0049,32.4913,32.6780,32.6863,32.6406,32.6751,32.8468,32.8674,32.5207,32.5158,33.2208,32.7151,33.0565,32.5413,32.9390,32.9698,32.5649,32.3660,32.7383,32.9356,31.8543,32.9665,32.2950,33.5959,32.4525,32.7737,32.6794,32.9553,32.2542,32.7634,32.8098,33.0414,32.5774,33.0895,32.6221,32.6928,32.5579,32.6922,32.6220,33.0281,32.4409,32.8762,32.9741,33.1209,32.3863,32.5495,32.8371,32.9523,32.6170,32.7657,33.3181,33.1564,
22:6:5:1:41:25:596,0.4000,344.0000,35.7000,A,32.1978,73.4682,31.7200,100266,88.5421,0.0000,0.0000,0.0000,0.0000,0.0000,0.0000,0.0000,0.0000,0.0000,0.0000,0.0000,0.0000,0,0,0,0,0,0,0.0000000,0.0000000,0.0000000,
22:6:5:1:41:25:716,0.8000,78.0000,35.7000,A,32.2046,73.4824,31.7200,100263,88.7940,0.0000,0.0000,0.0000,0.0000,0.0000,0.0000,0.0000,0.0000,0.0000,0.0000,0.0000,0.0000,0,0,0,0,0,0,0.0000000,0.0000000,0.0000000,
22:6:5:1:41:25:819,0.8000,78.0000,35.7000,A,32.2161,73.4754,31.7200,100265,88.6260,0.0000,0.0000,0.0000,0.0000,0.0000,0.0000,0.0000,0.0000,0.0000,0.0000,0.0000,0.0000,0,0,0,0,0,0,0.0000000,0.0000000,0.0000000,
22:6:5:1:41:25:935,0.2000,171.0000,35.7000,A,32.2165,73.4813,31.7200,100265,88.6260,0.0000,0.0000,0.0000,0.0000,0.0000,0.0000,0.0000,0.0000,0.0000,0.0000,0.0000,0.0000,0,0,0,0,0,0,0.0000000,0.0000000,0.0000000,
22:6:5:1:41:26:42,0.2000,171.0000,35.7000,A,32.2210,73.4716,31.7300,100264,88.7100,0.0000,0.0000,0.0000,0.0000,0.0000,0.0000,0.0000,0.0000,0.0000,0.0000,0.0000,0.0000,0,0,0,0,0,0,0.0000000,0.0000000,0.0000000,
22:6:5:1:41:26:158,0.5000,115.0000,35.6000,A,32.2193,73.4552,31.7300,100266,88.5421,0.0000,0.0000,0.0000,0.0000,0.0000,0.0000,0.0000,0.0000,0.0000,0.0000,0.0000,0.0000,0,0,0,0,0,0,0.0000000,0.0000000,0.0000000,
22:6:5:1:41:26:265,0.5000,115.0000,35.6000,A,32.2250,73.4600,31.7300,100266,88.5421,0.0000,0.0000,0.0000,0.0000,0.0000,0.0000,0.0000,0.0000,0.0000,0.0000,0.0000,0.0000,0,0,0,0,0,0,0.0000000,0.0000000,0.0000000,
22:6:5:1:41:26:381,0.2000,338.0000,35.6000,A,32.2227,73.4679,31.7300,100266,88.5421,0.0000,0.0000,0.0000,0.0000,0.0000,0.0000,0.0000,0.0000,0.0000,0.0000,0.0000,0.0000,0,0,0,0,0,0,0.0000000,0.0000000,0.0000000,32.0516,31.6417,32.4805,32.1282,32.5092,31.9470,31.4834,32.3833,31.9187,31.8337,32.3016,32.0782,32.3436,32.2574,31.9349,32.2834,31.9842,31.7495,32.3154,32.1130,31.7759,31.7549,31.9454,32.3115,32.3451,31.9020,31.4609,31.6654,31.7138,31.4388,32.1050,31.9972,31.5792,32.0856,32.3020,32.0859,32.1271,32.1441,32.3129,32.1538,31.7540,31.8241,32.4964,32.1908,31.7877,32.2573,32.5031,31.8971,31.7790,32.2339,32.1716,32.0474,31.9715,32.1155,32.3294,32.0792,31.9612,32.0778,32.5711,32.2660,31.6802,32.0729,32.1392,32.3386,31.8676,32.1967,31.8425,32.3790,31.9525,31.5991,32.2624,32.0602,32.1467,31.5550,32.2950,32.1041,32.2007,31.9048,32.3566,32.2938,32.3395,31.8250,32.0016,32.3067,32.1930,31.9708,32.1964,32.1543,32.3595,31.7966,31.9837,31.9852,32.5931,31.9647,32.1354,32.0283,31.8587,31.9003,32.1015,32.3357,31.7463,31.9708,32.3117,32.1883,31.9711,32.2127,32.1528,31.8826,31.8327,31.9064,32.2007,32.1191,31.8212,31.9587,31.9984,31.9407,32.0232,32.3099,32.1955,32.3011,31.5935,31.9218,32.5639,32.0894,31.7290,31.5178,31.9383,32.1293,32.3203,32.0456,32.0929,32.0221,32.5109,32.2342,32.3214,32.0655,32.1584,32.0920,32.1723,32.2719,32.1951,31.7861,32.1810,32.1299,32.3678,32.1402,32.0150,32.3057,32.1971,31.6402,32.0455,32.3202,32.2194,31.8062,32.3840,32.2241,32.2144,31.5998,32.1547,32.0513,32.1078,32.2050,32.1037,32.3547,31.7909,32.3781,31.9867,32.3761,32.1386,32.0575,32.3370,32.4253,31.8752,32.4530,32.0590,32.2848,32.0145,32.3025,32.2070,32.1339,31.8611,32.1536,32.3833,32.1282,32.0130,31.8050,32.3754,32.1503,32.0293,31.9430,31.9494,32.1609,31.9354,31.8070,32.1154,32.0336,32.1836,31.8980,32.1462,32.2540,32.3739,32.1068,32.0205,32.1294,32.2205,31.9694,31.8734,32.2883,32.1982,31.8184,32.1978,32.1563,32.0733,31.8351,32.2191,32.1983,32.2449,32.1607,32.4040,32.0337,32.0228,32.0321,32.4208,32.2640,31.5682,31.9750,31.8181,32.2149,31.4572,32.2306,32.2097,32.2622,31.8650,32.1415,32.3866,32.1290,31.7458,32.3090,32.0668,32.1299,32.0462,32.3129,32.3882,32.4694,32.0700,32.3249,32.2185,32.3141,31.9123,32.3407,32.2313,31.9600,31.8471,32.1662,31.7949,32.3804,32.3695,31.6206,31.9497,32.2441,32.0491,31.9075,32.0286,32.2746,32.3858,31.9419,32.3490,32.4485,32.2265,31.9879,32.3519,32.3150,32.2247,31.9916,32.2198,32.3201,32.2646,31.7097,32.2400,32.0625,32.5759,31.8863,32.0451,32.0299,32.2642,31.8453,32.3830,32.0815,31.5710,32.0443,31.9912,32.4374,31.9046,32.1140,32.2333,32.1227,32.0578,32.1297,32.0811,32.2976,31.9308,32.0230,32.4051,32.3205,32.2356,32.1814,32.0724,32.0211,32.0841,32.1996,32.4111,32.3452,32.2507,32.1914,32.2322,32.3314,32.0627,32.3565,32.2121,32.1996,32.1929,32.0229,31.9553,32.1064,32.3729,31.7243,32.0451,32.2669,32.3689,31.8084,32.2078,32.0117,32.2221,32.1396,32.1043,31.9955,32.1053,32.0355,32.0899,32.0473,32.4209,32.0400,32.2394,32.3362,32.0961,32.2291,31.7477,32.0707,32.6085,31.8802,32.2110,32.0861,32.0259,32.0548,32.4306,32.0742,32.2475,32.2831,32.0792,32.2923,31.9163,32.3291,32.0984,32.4705,32.0884,32.1742,32.4213,32.3177,32.2373,32.3424,32.1059,32.1763,32.0856,32.0285,32.0898,32.0136,31.7743,32.2090,32.2649,32.2013,31.9133,31.8391,32.2769,32.2207,32.0480,32.0250,32.3963,32.0745,32.2143,32.1023,32.2294,32.2841,32.2451,31.9713,32.0882,32.6191,32.2663,31.6947,32.2669,32.3155,32.2525,31.9097,32.2624,32.3738,32.1073,32.0639,32.1004,31.8984,32.2685,32.2393,32.4266,32.0674,32.2664,32.0873,32.4613,32.4896,31.8820,32.2903,32.0907,32.1030,31.9162,32.1555,32.1110,32.1475,31.7949,32.1762,32.2786,32.1644,32.1348,32.5023,32.2858,32.3412,32.1132,32.3676,32.1214,32.3536,32.1217,32.0623,31.7987,32.1981,32.0955,32.3891,32.3168,32.3702,32.1135,32.2302,32.1178,32.0364,32.4357,31.9093,32.4263,32.0914,32.6068,31.9530,32.2583,32.1265,32.4427,32.1813,32.4309,32.1784,32.2910,32.0132,32.5862,32.3296,32.1069,31.8795,32.4320,32.3888,32.1129,32.2367,32.4261,32.7228,32.4489,32.0686,32.4440,32.2571,32.1157,32.0848,32.2342,32.4992,31.5248,32.3301,32.4954,32.3172,31.9820,32.1860,32.3108,32.3403,32.2961,32.0413,32.3111,32.3632,32.1703,32.3643,32.3156,32.5231,32.0191,32.3874,32.4593,32.3768,31.9822,32.3994,32.1718,32.2133,32.4756,32.3848,32.1720,32.4374,32.1424,32.2363,32.3287,32.4434,32.0645,31.8511,32.1119,32.5062,32.2683,31.9576,32.2794,32.0309,32.4357,32.1850,32.0875,32.0452,32.5945,32.3307,32.2780,32.6922,32.2915,31.8965,32.1327,32.2475,32.6281,31.9233,32.4509,32.4078,32.3224,32.0723,32.4698,32.4370,32.5189,32.0747,32.2712,32.5182,31.7374,31.9400,32.3472,32.5138,32.1766,32.0237,32.5095,32.2090,32.0113,32.2146,32.3225,32.3773,31.8944,32.3830,32.3452,32.3892,31.9804,32.3889,32.3265,32.2340,32.3572,32.5661,32.3587,32.5584,31.9844,32.7994,32.3605,32.4158,32.3365,31.8763,32.5549,32.2724,32.3258,32.1272,32.4808,32.1685,32.3201,31.9866,32.3006,32.3735,32.4766,31.8812,32.4691,32.2231,32.1561,32.0804,32.4614,32.4020,32.4551,32.3966,32.4702,32.5702,32.1378,32.2514,32.1308,32.8041,32.5030,32.0927,32.6646,32.6261,32.3072,32.0690,32.4869,32.5207,31.3444,31.9858,31.8003,32.3794,32.0541,32.0251,32.4273,32.5581,31.9073,32.2600,32.5322,32.5509,32.2118,32.2632,32.5153,32.4081,32.5100,32.7427,32.1964,32.7279,32.2220,32.4296,32.5590,32.2389,32.3355,32.3203,32.5843,32.2836,32.1770,32.0577,32.3989,32.5361,32.4070,31.9307,32.7279,32.1724,32.5435,31.9915,32.3305,32.7450,32.3417,32.2148,32.3264,32.5653,32.1936,32.0818,32.6568,32.2531,32.5050,32.2497,32.6491,32.5954,32.5227,32.0963,32.6702,32.6240,32.4897,32.0848,32.8734,32.8352,32.5318,32.0749,32.5058,32.3859,31.4353,32.2093,32.0410,32.5937,31.7563,32.4750,32.0609,32.4151,32.4321,32.6054,32.6214,32.4229,31.7816,32.6112,32.2307,32.7587,32.0390,32.4942,32.4376,32.4406,31.9203,32.4551,32.6076,33.1310,31.7364,32.5044,32.8066,32.8245,32.4054,32.6676,32.6426,32.7846,32.1418,32.5769,32.5508,32.5980,32.3367,31.8022,32.5326,32.6018,32.7018,32.4059,32.5255,32.4203,32.5091,32.0731,32.3470,32.6049,32.4824,32.4258,32.8569,32.6162,32.5309,32.0888,32.5150,32.6343,32.7051,32.2745,32.3691,33.0851,32.5728,32.4906,32.3037,32.4057,31.7809,32.7514,32.2229,32.1660,31.9853,32.3943,32.6059,32.5953,31.9994,32.7699,32.2058,32.3467,32.3292,32.5930,32.7175,32.3650,31.9729,32.5326,32.5467,32.5237,32.0194,32.5396,32.3618,32.9472,32.3094,32.5549,32.5691,32.5634,32.3392,32.5632,33.2472,32.9324,
22:6:5:1:41:26:544,0.2000,338.0000,35.6000,A,32.1999,73.4730,31.7200,100266,88.5421,0.0000,0.0000,0.0000,0.0000,0.0000,0.0000,0.0000,0.0000,0.0000,0.0000,0.0000,0.0000,0,0,0,0,0,0,0.0000000,0.0000000,0.0000000,
22:6:5:1:41:26:664,0.7000,246.0000,35.6000,A,32.2090,73.4597,31.7300,100267,88.4581,0.0000,0.0000,0.0000,0.0000,0.0000,0.0000,0.0000,0.0000,0.0000,0.0000,0.0000,0.0000,0,0,0,0,0,0,0.0000000,0.0000000,0.0000000,
22:6:5:1:41:26:767,0.7000,246.0000,35.6000,A,32.2197,73.4612,31.7300,100267,88.4581,0.0000,0.0000,0.0000,0.0000,0.0000,0.0000,0.0000,0.0000,0.0000,0.0000,0.0000,0.0000,0,0,0,0,0,0,0.0000000,0.0000000,0.0000000,
22:6:5:1:41:26:887,0.8000,132.0000,35.6000,A,32.2168,73.4475,31.7300,100264,88.7100,0.0000,0.0000,0.0000,0.0000,0.0000,0.0000,0.0000,0.0000,0.0000,0.0000,0.0000,0.0000,0,0,0,0,0,0,0.0000000,0.0000000,0.0000000,
22:6:5:1:41:26:990,0.8000,132.0000,35.6000,A,32.2252,73.4667,31.7400,100268,88.3741,0.0000,0.0000,0.0000,0.0000,0.0000,0.0000,0.0000,0.0000,0.0000,0.0000,0.0000,0.0000,0,0,0,0,0,0,0.0000000,0.0000000,0.0000000,
22:6:5:1:41:27:106,1.0000,242.0000,35.6000,A,32.2206,73.4642,31.7300,100267,88.4581,0.0000,0.0000,0.0000,0.0000,0.0000,0.0000,0.0000,0.0000,0.0000,0.0000,0.0000,0.0000,0,0,0,0,0,0,0.0000000,0.0000000,0.0000000,
22:6:5:1:41:27:213,1.0000,242.0000,35.6000,A,32.2285,73.4696,31.7400,100266,88.5421,0.0000,0.0000,0.0000,0.0000,0.0000,0.0000,0.0000,0.0000,0.0000,0.0000,0.0000,0.0000,0,0,0,0,0,0,0.0000000,0.0000000,0.0000000,
22:6:5:1:41:27:329,0.5000,343.0000,35.6000,A,32.2252,73.4612,31.7400,100266,88.5421,0.0000,0.0000,0.0000,0.0000,0.0000,0.0000,0.0000,0.0000,0.0000,0.0000,0.0000,0.0000,0,0,0,0,0,0,0.0000000,0.0000000,0.0000000,
22:6:5:1:41:27:436,0.5000,343.0000,35.6000,A,32.2290,73.4447,31.7400,100263,88.7940,0.0000,0.0000,0.0000,0.0000,0.0000,0.0000,0.0000,0.0000,0.0000,0.0000,0.0000,0.0000,0,0,0,0,0,0,0.0000000,0.0000000,0.0000000,32.6991,32.4079,32.6136,32.4032,32.6193,32.2123,32.1852,32.2399,32.3879,32.2687,32.3889,32.6858,32.7824,32.3190,32.1911,32.1606,32.4148,32.1666,32.7637,32.1673,32.2293,31.9960,32.6056,32.3610,32.6372,32.1564,32.4230,32.3557,32.5005,31.7079,32.4917,32.2675,31.8567,32.4522,32.3332,32.6532,32.3747,32.4525,32.5484,32.6374,32.1778,32.2775,32.7229,32.4527,32.3724,32.5108,32.5498,32.5023,32.5315,32.3099,32.0396,32.4845,32.2072,32.5547,32.5569,32.7408,32.2043,32.1796,32.6075,32.3821,31.9386,32.6413,32.4006,32.7251,32.2348,32.2501,32.3898,32.2226,32.4423,32.4364,32.5421,32.4872,32.5776,32.4994,32.5433,32.5064,32.4351,32.1367,32.4256,32.6892,32.4074,32.2253,32.0723,32.3637,32.6051,32.3746,32.6306,32.7388,32.4432,32.0410,32.0827,32.4320,32.2925,32.2155,32.4892,32.5143,31.6701,32.6803,32.5563,32.6474,32.3740,32.4441,32.3559,32.6337,32.0263,32.4605,32.3723,32.7974,32.2204,32.1377,32.2510,32.5152,32.2156,32.1918,32.5503,32.3480,32.4164,32.3803,32.4176,32.5523,32.1888,32.5672,32.0243,32.3870,32.3839,32.4338,32.4106,32.2618,32.4410,31.8918,32.6065,31.8788,32.4119,32.4803,32.5786,32.3039,32.5676,32.3256,32.5701,32.5006,32.4181,32.1782,32.4055,32.1907,32.4282,32.3651,32.5682,32.3650,32.5910,32.2012,32.4532,32.2030,32.2929,32.3930,32.2863,32.6427,31.9236,31.8500,32.2737,32.3017,31.9361,32.3144,32.3451,32.6474,32.4012,32.2799,32.3826,32.6279,32.1967,32.1257,32.3868,32.4917,32.2553,32.1923,32.4303,32.3453,32.5576,32.0431,32.4207,32.3597,32.4115,32.0544,32.4318,32.3713,32.2412,32.4033,32.2351,32.6001,32.2668,32.2392,31.7716,32.2815,32.6718,32.0682,32.4058,32.4760,32.6224,31.7875,32.3934,32.3153,32.5976,32.0099,32.7283,32.5103,32.4361,32.3497,32.7225,32.1901,32.4107,32.2019,32.5730,32.3761,32.4448,32.0590,32.6198,32.5909,32.1444,32.2193,32.4819,32.2654,32.4833,32.4626,32.5273,32.3018,32.4380,32.2793,32.4311,32.6868,32.0434,31.9598,32.4285,32.6690,32.4051,32.3613,32.4371,32.6637,32.2773,32.6738,31.9622,32.5052,32.2629,32.2130,32.4398,32.5280,32.4425,32.2255,32.2675,32.5475,32.2990,32.5820,32.4500,32.4016,32.4509,32.4443,32.4336,32.2876,32.8775,31.8791,32.4168,32.3015,32.6329,32.3151,32.2663,32.3357,32.2853,32.1710,32.5647,32.3522,32.2810,32.3612,32.4074,32.6846,32.4285,31.9028,32.4361,32.2246,32.1633,32.0839,32.7831,32.4429,32.4756,32.2781,32.4722,32.0827,32.3483,32.0846,32.6839,32.5201,32.0158,32.1437,32.2169,32.5216,32.1276,32.1852,32.6140,32.5148,32.4307,32.3527,32.2895,32.6697,32.4528,32.5324,32.4562,32.5253,32.1437,32.3874,32.2817,32.6957,32.2975,32.8706,32.6190,32.7278,32.3073,32.2577,32.6242,32.4109,32.2920,32.2607,32.4451,32.3036,32.4911,32.4750,32.4172,32.5293,32.2732,31.9622,32.1116,32.1622,32.5865,32.3485,32.2654,32.7047,32.4283,32.5140,32.6139,32.3689,32.4562,32.4085,32.1441,32.2644,32.4742,32.5767,32.4620,32.3936,32.6472,32.1246,32.4993,32.4658,32.1548,32.2953,32.3106,31.9287,32.4643,32.5452,32.4690,32.3397,32.2998,32.3549,32.2915,32.5232,32.2914,32.3859,32.3050,32.6834,32.1472,32.3801,32.4719,32.2176,32.2973,32.2427,32.3103,32.5412,32.4528,32.2437,32.1384,32.5603,32.1573,32.4378,32.4772,32.4452,32.1389,32.1031,32.5072,32.5190,32.5487,31.8889,32.6674,32.4957,32.4626,32.1664,32.6282,32.5089,32.4619,32.1956,32.4619,32.6804,32.6216,32.3698,32.6213,32.5308,32.3026,32.1258,32.6238,32.7431,32.3159,32.2821,32.3200,32.4424,32.4940,32.4612,32.6708,32.4650,32.3445,32.4943,32.5568,32.5297,31.9216,32.3880,32.4949,32.1859,31.9662,32.5555,32.3209,32.3750,32.0086,32.2349,32.4831,32.5347,32.3428,32.5536,32.3353,32.3946,32.1715,32.4176,32.3244,32.7175,32.4856,32.2706,32.4821,32.7443,32.4733,32.4534,32.3595,32.7879,32.1603,31.9579,32.3447,32.7222,32.3406,32.5434,32.8793,32.5106,32.6796,32.6838,32.4891,32.5154,32.3425,32.4040,32.6430,32.6951,32.6460,32.3828,32.4863,32.3904,32.3100,32.3974,32.4870,32.6021,32.3235,32.1460,32.4884,32.6181,32.5133,32.4591,32.6909,32.6522,32.7252,32.1374,32.9140,32.7345,32.1604,32.8069,32.3456,32.9423,32.0282,32.5877,32.3522,32.4061,32.3482,32.2581,32.5122,32.7219,32.3754,32.5688,32.5137,32.7292,32.2274,32.4391,32.5057,32.5846,32.1919,32.3010,32.5401,32.4380,32.2005,32.2876,32.7271,32.6833,32.7162,32.3186,32.5550,32.3512,32.5732,32.1063,32.5753,32.5613,33.0405,32.3607,32.3493,32.5831,32.6568,32.4092,32.6317,32.2644,32.8004,32.5479,32.4862,32.2839,32.5011,32.2726,32.5045,32.7711,32.2169,32.2998,32.8400,32.4630,32.5511,32.2980,32.7235,32.6617,32.6023,32.4920,32.3738,32.5553,31.9734,32.2382,32.1900,32.7876,32.5680,32.4370,32.3796,32.7634,32.5420,32.4380,32.2035,32.7556,32.4110,32.4387,32.3889,33.0644,32.5014,32.4460,32.3702,32.6010,32.2538,32.7817,32.4011,32.6239,32.5243,32.7025,32.5729,32.4954,32.5586,32.5148,32.7800,32.3790,32.4414,32.5806,32.7702,32.7803,32.5781,32.4013,32.7173,32.5986,32.3788,32.2682,32.8537,32.7656,32.6875,32.2974,32.5228,32.6170,32.6696,32.6135,32.6902,32.7873,32.6843,32.4705,32.7018,32.6895,32.7415,32.6588,32.3915,32.8542,32.5845,32.3082,32.3935,33.1733,32.2159,32.4915,32.2115,32.6575,32.4471,32.1069,32.4611,32.8000,32.2771,32.4843,32.4084,32.6151,32.2591,32.3208,32.8734,32.7842,32.5591,32.8003,32.5551,32.9542,32.2708,32.3327,32.9297,32.9785,32.2128,32.7334,32.9712,33.0983,32.2141,32.5354,32.8265,33.0668,32.5268,32.1889,32.8321,33.0037,32.4493,32.4141,32.5871,32.9718,32.5809,32.6095,32.3955,32.7864,32.7334,32.6226,32.5596,32.6329,32.5696,32.3089,32.8812,32.8127,33.0873,32.6478,33.0849,33.0129,32.5656,32.6716,32.9634,32.8793,32.8215,32.7113,33.0472,32.8498,32.3119,32.3254,32.6539,32.6971,32.3314,32.7458,32.2656,32.8463,32.1336,32.6774,32.8207,32.6600,32.3066,32.5151,32.7555,32.8245,32.7397,32.3971,32.6372,32.5086,32.4650,32.8550,33.1523,33.0364,32.4711,32.5877,33.0193,32.9193,32.4371,32.5762,32.8718,33.1278,32.2747,32.4056,32.8791,32.8459,32.6327,32.8174,33.1860,32.4668,32.9595,32.4613,32.9563,32.8211,32.7507,32.4660,32.4218,32.4902,32.7226,32.6490,32.7612,32.6664,32.6050,32.4880,32.7787,32.8615,32.7913,32.6934,32.6629,33.1239,32.8831,32.7377,33.3165,32.8832,31.5557,32.4446,32.4352,32.8981,32.2000,32.8798,32.4306,33.2344,32.3830,32.8522,32.0502,32.7806,32.3622,32.6670,32.9121,32.9401,32.5155,32.4390,32.7414,32.7718,32.5688,32.6187,32.7420,33.0347,32.5214,32.8348,32.7767,32.8680,32.1542,32.8879,33.0276,33.0734,
22:6:5:1:41:27:611,0.7000,54.0000,35.6000,A,32.1993,73.4519,31.7200,100267,88.4581,0.0000,0.0000,0.0000,0.0000,0.0000,0.0000,0.0000,0.0000,0.0000,0.0000,0.0000,0.0000,0,0,0,0,0,0,0.0000000,0.0000000,0.0000000,
22:6:5:1:41:27:718,0.7000,54.0000,35.6000,A,32.2161,73.4522,31.7300,100265,88.6260,0.0000,0.0000,0.0000,0.0000,0.0000,0.0000,0.0000,0.0000,0.0000,0.0000,0.0000,0.0000,0,0,0,0,0,0,0.0000000,0.0000000,0.0000000,
22:6:5:1:41:27:834,0.8000,25.0000,35.6000,A,32.2168,73.4427,31.7400,100270,88.2062,0.0000,0.0000,0.0000,0.0000,0.0000,0.0000,0.0000,0.0000,0.0000,0.0000,0.0000,0.0000,0,0,0,0,0,0,0.0000000,0.0000000,0.0000000,
22:6:5:1:41:27:937,0.8000,25.0000,35.6000,A,32.2285,73.4282,31.7400,100264,88.7100,0.0000,0.0000,0.0000,0.0000,0.0000,0.0000,0.0000,0.0000,0.0000,0.0000,0.0000,0.0000,0,0,0,0,0,0,0.0000000,0.0000000,0.0000000,
22:6:5:1:41:28:57,1.3000,65.0000,35.6000,A,32.2237,73.4513,31.7400,100266,88.5421,0.0000,0.0000,0.0000,0.0000,0.0000,0.0000,0.0000,0.0000,0.0000,0.0000,0.0000,0.0000,0,0,0,0,0,0,0.0000000,0.0000000,0.0000000,
22:6:5:1:41:28:160,1.3000,65.0000,35.6000,A,32.2334,73.4531,31.7400,100268,88.3741,0.0000,0.0000,0.0000,0.0000,0.0000,0.0000,0.0000,0.0000,0.0000,0.0000,0.0000,0.0000,0,0,0,0,0,0,0.0000000,0.0000000,0.0000000,
22:6:5:1:41:28:279,1.3000,33.0000,35.6000,A,32.2308,73.4409,31.7400,100266,88.5421,0.0000,0.0000,0.0000,0.0000,0.0000,0.0000,0.0000,0.0000,0.0000,0.0000,0.0000,0.0000,0,0,0,0,0,0,0.0000000,0.0000000,0.0000000,
22:6:5:1:41:28:382,1.3000,33.0000,35.6000,A,32.2372,73.4348,31.7400,100265,88.6260,0.0000,0.0000,0.0000,0.0000,0.0000,0.0000,0.0000,0.0000,0.0000,0.0000,0.0000,0.0000,0,0,0,0,0,0,0.0000000,0.0000000,0.0000000,32.7535,32.6442,32.4461,32.4020,32.4771,32.0051,32.2539,32.8313,32.2700,32.4567,32.2748,32.8691,32.3177,32.4994,32.6176,32.8754,32.4898,32.3454,32.4711,32.7142,32.4866,32.5454,32.2956,32.5528,32.7053,32.3579,32.0630,32.7824,32.5577,32.6077,31.8238,32.5044,32.8153,31.8175,32.7737,32.7149,32.3730,32.3149,32.7405,31.9295,32.5475,31.7949,32.9023,32.3431,32.7244,31.8755,32.5486,32.3979,32.5321,32.2052,32.5755,32.9079,32.3874,32.0843,32.9236,32.4264,32.9683,32.2404,33.0166,32.2276,32.5855,32.2510,32.8639,32.2885,32.5227,32.6948,32.2398,33.0522,32.1189,33.0167,32.4241,32.4876,32.4743,32.5008,32.6167,32.5072,32.1762,32.4749,32.1629,32.6899,32.4851,32.5630,32.3163,32.5346,32.3389,32.7184,32.1691,32.5613,32.3320,32.4179,32.3441,32.8288,32.5586,32.4178,32.3224,32.7356,32.3488,32.0843,32.5526,32.5084,32.5652,32.3226,33.0935,32.5228,32.3751,32.0118,32.7122,32.5330,32.5501,32.0456,32.7484,32.5880,32.7160,32.2639,32.7166,32.4200,32.7522,32.2807,32.5911,32.0957,32.7275,31.8887,32.6019,32.2507,32.3819,31.6811,32.8458,32.7525,32.2870,32.7310,32.4691,32.4736,32.2948,32.4815,32.2953,32.6615,32.4759,32.4963,32.4801,32.6696,32.1726,32.5060,32.4821,32.5170,32.6703,32.5277,32.4816,32.5295,32.5034,32.3682,32.3582,32.7200,32.3676,32.5692,32.7277,32.8255,32.5689,32.2476,32.5474,32.7269,32.5750,32.1713,32.5448,32.5192,32.5861,32.3495,32.7300,32.5243,32.7009,32.0313,32.7134,32.5660,32.4162,32.2664,32.5894,32.2593,32.3985,31.9575,32.5824,32.4326,32.5758,32.2894,32.5978,32.6113,32.5850,32.2958,32.4168,32.2985,32.6461,32.2964,32.6143,32.1160,32.1109,32.4729,32.4739,32.6687,32.1566,32.4865,32.4681,32.4871,32.3504,32.6612,32.3209,32.6708,32.3559,32.3519,32.1679,32.5114,32.1770,32.5214,32.1744,32.8560,32.2076,32.3815,32.3607,32.9258,32.7164,32.5619,32.3753,32.6236,32.3647,32.8392,32.1834,32.9192,32.8468,31.9418,32.8087,32.3754,32.7509,32.3747,32.7694,32.5735,32.2450,32.1153,32.7566,32.4217,32.5920,32.1283,32.7453,32.4220,32.7310,32.6011,32.5961,32.4431,32.4434,32.1383,32.7626,32.1189,32.4638,31.9696,32.9707,32.2868,32.4498,32.5032,32.8299,32.7465,32.3368,32.4748,32.6732,32.8571,32.1936,32.4879,32.5103,32.8335,32.3622,32.4989,32.6422,32.6702,32.3596,32.5165,32.4855,32.6859,32.0504,32.2142,32.5139,32.6934,32.2416,32.3950,32.3762,32.9257,32.2195,32.4443,32.3679,32.7926,32.2338,32.6402,32.5490,32.9142,32.6136,32.2079,32.3999,32.4075,32.8080,32.4263,32.7791,32.7513,32.7474,32.4265,32.4462,32.4298,32.7616,32.1501,32.7631,32.1425,32.2965,32.4612,32.5962,32.4597,32.6079,32.1720,32.7770,32.4770,32.6372,31.9963,32.7958,32.6518,32.8315,32.3206,32.8338,32.3550,32.1620,32.6715,32.4863,32.7115,32.5180,32.4801,32.1870,32.6618,32.3463,32.5081,32.3418,32.8632,32.2005,32.6699,32.5388,32.8356,32.3861,32.7168,32.2215,32.7313,32.2434,32.7354,32.2144,32.7173,32.2345,32.4532,32.5691,32.4651,32.3999,32.8352,32.5688,32.7138,32.6589,32.2175,32.8350,32.2264,32.4687,32.4257,32.6197,32.5953,32.4505,32.3023,32.7734,32.7572,32.6075,32.1485,32.6225,32.4465,32.4489,32.1636,32.4631,32.3049,32.4537,32.3152,32.4582,32.4694,32.6453,32.0143,32.6435,32.3388,32.4918,32.1630,32.8893,32.3739,32.6110,32.4762,32.7347,32.6775,32.3609,32.6716,32.2036,32.5100,32.5376,32.6728,32.5377,32.9943,32.3946,32.6750,32.5465,32.8387,32.3809,32.4281,32.3923,32.7440,32.5461,32.4382,32.2345,32.7659,32.0800,32.4618,32.5690,32.8084,32.7615,32.4935,32.4278,32.7205,32.7109,32.6426,32.8580,32.6136,32.4846,32.2928,32.8147,32.4465,32.7993,32.3067,32.9512,32.6079,32.4951,32.4758,32.6359,32.6206,32.4726,32.4901,32.6301,32.6348,32.4860,32.1879,32.4808,32.4909,32.7958,32.1954,32.6988,32.3368,33.0363,32.1935,32.9141,32.5780,32.3998,32.7351,32.7614,32.8723,32.4067,32.5188,32.5609,32.5164,32.2570,32.7210,32.4055,32.6963,32.4176,32.8398,32.4104,32.8498,32.2356,32.5500,32.5615,32.7567,32.3987,32.6067,32.0760,32.6182,32.4224,32.6252,32.7583,32.9941,32.2599,32.4930,32.3942,33.3185,32.7530,32.1023,32.7076,32.4652,32.5391,32.4883,32.6790,32.4749,32.3478,32.1705,32.9771,32.4883,32.6782,32.3368,32.6634,32.8000,32.8337,32.6598,32.6582,32.5016,32.5017,32.3698,32.8606,32.5052,32.8547,32.3523,32.7244,32.4030,32.5380,32.3765,32.5506,32.2024,32.6330,32.8938,32.6384,32.7461,32.4122,32.7027,32.4181,32.9116,32.5691,32.5709,32.5424,32.7419,32.5692,32.5496,32.5579,32.9075,32.7320,32.5855,32.5770,32.9263,32.6022,32.7718,32.5853,32.7886,32.6213,32.6337,32.4374,32.4851,32.4850,32.6735,32.4309,32.7487,32.5753,32.2950,32.7433,32.8489,32.7396,32.1615,32.7110,32.6673,32.8608,32.5054,33.0043,32.5061,32.4107,32.3538,32.8436,32.6694,32.8116,32.2035,32.6805,32.3595,32.8753,32.2209,32.5618,32.3634,32.5235,32.4318,32.9187,32.7286,32.7365,32.2036,32.9708,32.4242,32.7023,33.1758,32.4438,32.9654,32.6395,32.9327,32.6117,33.1043,32.4467,32.4316,32.7621,33.0881,32.4432,32.6070,32.5930,32.9325,32.5848,32.7699,32.4417,33.1101,32.4321,32.7899,32.4354,33.0239,32.1350,32.8283,32.8076,33.0332,32.2708,32.4966,32.4470,32.9629,32.8398,32.7418,32.7846,32.7143,32.4436,32.3450,32.7984,32.8627,32.5999,32.5482,33.2100,32.6809,32.7325,32.3870,32.7116,32.5345,32.8698,32.7106,32.8701,32.8571,32.5914,32.5554,33.2583,32.8739,32.5483,32.6234,33.1437,32.7919,32.7714,32.5862,33.0218,32.9022,32.7824,32.8051,32.8836,33.3915,32.5057,32.7785,32.2958,33.1452,32.6443,32.7776,32.9581,33.1183,32.4814,32.7832,32.7887,33.1182,32.6385,32.9518,32.7831,32.9762,32.6575,32.9764,32.8077,33.3499,32.8011,32.8484,33.0213,33.0630,32.8748,32.7090,32.4626,33.2756,32.9449,32.5785,32.8445,33.1405,32.6880,32.6188,32.9667,32.9045,32.8042,32.4018,32.9824,32.8874,32.4645,32.7366,32.9146,32.8864,32.5745,32.4596,32.9607,32.8969,33.1265,32.5842,33.3183,32.7496,32.9854,32.6431,33.1995,32.7823,33.0106,32.2278,33.2876,32.9484,32.5350,33.2746,33.3422,33.0468,32.8791,33.0081,32.6809,33.3794,32.4892,32.8120,33.0155,32.9947,32.6449,32.6336,32.8242,33.3198,32.7880,32.9822,32.8231,33.0052,32.6694,33.0023,32.6584,33.0400,32.8489,32.6919,32.9057,33.5092,32.3268,33.3488,32.9156,33.5495,32.8906,32.4764,33.4780,32.9382,32.9737,32.7319,32.7982,33.0988,32.9085,32.5506,32.9256,33.0054,32.6994,32.7197,32.9062,32.9923,33.1846,32.4916,33.0752,32.4820,32.5647,32.4968,32.9144,32.5413,32.8811,32.5074,33.1567,32.9061,32.7550,32.5094,33.4580,33.3226,
22:6:5:1:41:28:556,0.5000,273.0000,35.6000,A,32.2075,73.4464,31.7300,100260,89.0459,0.0000,0.0000,0.0000,0.0000,0.0000,0.0000,0.0000,0.0000,0.0000,0.0000,0.0000,0.0000,0,0,0,0,0,0,0.0000000,0.0000000,0.0000000,
22:6:5:1:41:28:663,0.5000,273.0000,35.6000,A,32.2231,73.4456,31.7400,100263,88.7940,0.0000,0.0000,0.0000,0.0000,0.0000,0.0000,0.0000,0.0000,0.0000,0.0000,0.0000,0.0000,0,0,0,0,0,0,0.0000000,0.0000000,0.0000000,
22:6:5:1:41:28:779,0.6000,335.0000,35.6000,A,32.2237,73.4443,31.7400,100268,88.3741,0.0000,0.0000,0.0000,0.0000,0.0000,0.0000,0.0000,0.0000,0.0000,0.0000,0.0000,0.0000,0,0,0,0,0,0,0.0000000,0.0000000,0.0000000,
22:6:5:1:41:28:886,0.6000,335.0000,35.6000,A,32.2304,73.4485,31.7400,100266,88.5421,0.0000,0.0000,0.0000,0.0000,0.0000,0.0000,0.0000,0.0000,0.0000,0.0000,0.0000,0.0000,0,0,0,0,0,0,0.0000000,0.0000000,0.0000000,
22:6:5:1:41:29:2,0.4000,274.0000,35.6000,A,32.2311,73.4342,31.7400,100264,88.7100,0.0000,0.0000,0.0000,0.0000,0.0000,0.0000,0.0000,0.0000,0.0000,0.0000,0.0000,0.0000,0,0,0,0,0,0,0.0000000,0.0000000,0.0000000,
22:6:5:1:41:29:109,0.4000,274.0000,35.6000,A,32.2334,73.4292,31.7500,100264,88.7100,0.0000,0.0000,0.0000,0.0000,0.0000,0.0000,0.0000,0.0000,0.0000,0.0000,0.0000,0.0000,0,0,0,0,0,0,0.0000000,0.0000000,0.0000000,
22:6:5:1:41:29:225,0.4000,274.0000,35.6000,A,32.2300,73.4221,31.7500,100267,88.4581,0.0000,0.0000,0.0000,0.0000,0.0000,0.0000,0.0000,0.0000,0.0000,0.0000,0.0000,0.0000,0,0,0,0,0,0,0.0000000,0.0000000,0.0000000,
22:6:5:1:41:29:328,0.4000,274.0000,35.6000,A,32.2372,73.4385,31.7500,100265,88.6260,0.0000,0.0000,0.0000,0.0000,0.0000,0.0000,0.0000,0.0000,0.0000,0.0000,0.0000,0.0000,0,0,0,0,0,0,0.0000000,0.0000000,0.0000000,
22:6:5:1:41:29:448,0.4000,274.0000,35.6000,A,32.2346,73.4366,31.7400,100267,88.4581,0.0000,0.0000,0.0000,0.0000,0.0000,0.0000,0.0000,0.0000,0.0000,0.0000,0.0000,0.0000,0,0,0,0,0,0,0.0000000,0.0000000,0.0000000,33.0082,31.9537,32.6839,32.1997,32.6935,32.0275,32.8607,32.6569,32.4701,32.1041,32.6576,32.7084,32.3293,31.9827,32.4524,32.5410,32.8540,32.1896,32.6646,32.3724,32.3145,32.3852,32.6847,32.3830,32.3263,32.3813,32.4949,31.9459,32.1271,32.1819,32.5532,32.0441,32.3604,32.0582,32.3541,32.2833,31.9924,32.5277,32.5699,32.7158,32.3855,32.3575,32.5635,32.5343,32.5712,32.5926,32.5719,32.4093,32.3809,32.5642,32.4201,32.5636,32.5895,32.4532,32.2087,32.6262,32.8008,32.2502,32.2150,32.8681,31.7430,32.4798,32.1861,32.7714,32.5319,32.7178,32.2500,32.6606,32.7164,32.4592,32.4353,32.1405,32.4859,32.1707,32.6283,32.3579,32.8562,31.9911,32.6826,32.2065,32.6656,32.4168,32.4976,32.5569,32.5214,32.2256,32.5361,32.2296,32.7078,31.8745,32.5500,32.6535,32.5684,32.2374,32.7790,32.7618,32.1468,32.5316,32.5774,32.7228,32.3964,32.5237,32.3777,32.7149,32.3976,32.3703,32.3944,32.5445,32.4079,32.3875,32.4397,32.7643,32.4055,32.1092,32.2374,32.7680,32.6071,32.6294,32.6146,32.8050,32.3913,32.6415,32.4331,32.6533,32.2029,32.2966,32.6517,32.3136,32.2970,32.3350,32.4796,32.4962,32.3062,32.3192,32.4850,32.1480,32.6579,32.5177,32.6577,32.3554,32.5089,32.2015,32.6561,32.5388,32.6829,32.3884,32.4936,32.3878,32.5156,32.0584,32.3698,32.3981,32.3794,32.4158,32.5517,32.6648,32.3854,32.4704,32.3430,32.7526,32.3859,32.3876,32.1633,32.5298,32.9786,32.3606,32.4046,32.7108,32.2197,32.3778,32.4091,32.7439,32.5977,32.5993,32.4527,32.2711,32.4204,32.2882,32.4432,32.4442,32.4346,32.3007,32.4540,32.4519,32.6075,32.4800,32.4408,32.6724,32.4797,32.1102,32.2170,32.7607,32.5374,31.8884,32.2910,32.4986,32.5268,32.1599,32.3067,32.3382,32.3625,32.0333,32.8170,32.3740,32.6841,32.0594,32.6544,32.3732,32.5036,32.2252,32.3452,32.7185,32.6913,32.2428,32.8720,32.2780,32.7283,32.2422,32.5625,32.6469,32.3754,32.4850,32.8032,32.3231,32.2541,32.3527,32.2621,32.7660,31.8884,32.3859,32.4506,32.7536,32.1064,32.4467,32.4595,32.2748,32.3004,32.6057,32.4553,32.4339,32.2862,32.4558,32.4622,32.4547,32.6224,32.4682,32.6207,32.6287,32.4863,32.4899,32.2972,32.4764,32.4734,32.5127,32.2544,32.7547,32.7502,32.1007,32.6840,32.5095,32.5465,32.3383,32.5222,32.6899,32.6927,32.3574,32.3385,32.6918,32.2164,32.2314,32.6536,32.3995,32.3685,32.2355,32.5262,32.2475,32.5647,31.9521,32.5489,32.7875,32.5632,32.3011,32.7287,32.4610,32.6086,32.2929,32.1612,32.3422,32.4381,32.2182,32.0521,32.6008,32.1503,32.0972,32.4695,32.5995,32.4536,32.4382,32.4692,32.5991,32.4759,32.3144,32.1705,32.6121,32.4700,32.4729,32.3042,32.6260,32.4754,32.4921,32.4821,32.8086,32.3304,32.1717,32.8196,32.6622,32.4949,32.3302,32.4665,32.3634,32.3709,32.3018,32.4972,32.7338,32.7001,31.9855,32.5313,32.5176,32.5180,32.3719,32.6685,32.4133,32.6739,32.2294,32.7032,32.3918,32.3988,32.2785,32.3884,32.5981,32.5649,32.4426,32.5488,32.0921,32.8969,32.1476,32.4106,32.1459,32.5885,32.8584,32.7740,32.9349,32.0920,32.6188,32.3055,32.7819,32.1530,32.6074,32.3137,32.7715,32.3144,32.1574,32.4839,32.7689,32.4767,32.3134,32.4943,32.6123,32.4708,32.3278,32.6392,32.7804,32.3216,32.3266,32.3212,32.4806,32.3431,32.3520,32.4991,32.5193,32.1613,32.3522,32.5287,32.5776,32.6210,32.3032,32.3768,31.9726,32.5458,32.3577,32.7134,32.3680,32.7076,32.3776,32.8644,32.5468,32.8616,32.2414,32.7100,32.5538,32.0911,32.7490,32.7118,32.4570,32.5581,32.4600,32.5649,32.7883,32.5808,32.4841,32.7510,32.4874,32.7721,32.6935,32.6301,32.5512,32.3403,32.4589,32.1486,32.6243,32.3352,32.1375,32.5083,32.6209,32.3484,32.6336,32.5052,32.7757,32.3657,32.6383,32.5084,32.6323,32.4948,32.3522,32.6532,32.8003,32.5086,32.1992,32.5043,32.8236,32.4962,32.3680,32.7230,32.6902,32.3587,32.9069,32.3662,32.9742,32.6080,32.3750,32.7717,32.3519,32.7591,32.5405,32.5723,32.3742,32.4292,32.4274,32.4172,32.7180,32.5810,32.4061,32.5736,32.4133,32.3996,32.2698,32.5732,32.6250,32.5656,32.3226,32.7338,32.6408,32.4340,32.3162,32.9407,32.5027,32.4468,32.3383,32.4040,32.3624,32.3811,32.3032,32.3667,32.6561,32.5630,32.4990,32.5387,32.9769,32.3709,32.4969,32.5342,32.6522,32.5498,32.5002,32.8378,32.6589,32.2505,32.6710,32.5278,32.6659,32.3697,32.5332,32.7235,32.5159,32.5511,32.1967,32.5775,32.5848,32.5622,32.3859,32.5762,32.7994,32.4415,32.1290,32.4621,32.5839,32.7709,32.2129,32.4290,32.4416,32.5806,32.1115,32.5537,32.4464,32.5809,32.2638,32.7223,32.4628,32.5893,32.2959,32.5884,32.7939,32.6139,32.4801,32.4338,32.6486,32.6325,32.4887,32.4477,32.5087,32.8543,31.7812,32.8333,32.5765,31.9949,32.5003,32.3973,32.6740,32.4159,32.5120,32.4011,32.5151,32.4043,32.3557,32.3864,32.8342,32.2796,32.2105,32.5633,32.9894,32.3689,32.3700,32.3922,32.6803,32.7433,32.7020,32.5861,32.8615,32.2205,32.6085,32.5946,32.7381,32.3999,32.5783,32.6051,32.4317,32.2929,32.4040,32.6452,32.4301,32.2956,32.6015,32.7930,32.4522,32.4575,32.4536,32.4511,32.6269,32.4543,32.6289,32.9231,32.3237,32.7527,32.3254,32.4527,32.8099,32.9257,32.3339,32.6131,32.7121,32.6515,32.3411,32.8175,32.8762,32.6525,32.3304,32.8605,32.1619,32.2368,32.5512,32.4254,32.5373,32.2911,32.3548,32.3115,32.5345,32.4619,32.5584,32.4299,33.0139,32.2814,32.7075,32.4172,32.7029,32.4254,32.7210,32.2580,32.8675,32.7756,32.5657,32.7852,33.0506,32.5722,32.8025,32.6384,32.9827,32.6100,32.5946,32.6454,33.3228,32.1563,32.4175,32.8919,32.4393,32.5148,32.2543,32.6577,32.6453,32.4868,32.2970,32.8031,32.8090,32.6510,32.6456,32.7992,32.6554,32.9746,32.4928,32.7937,32.6708,32.9991,32.6706,32.9880,33.3733,32.8112,32.5164,33.0306,32.9011,33.0743,32.5368,32.8932,32.8708,32.1178,32.3787,32.2762,32.9531,32.3527,32.4448,32.4634,33.0887,32.1554,33.0808,32.6761,32.5646,32.4890,32.7465,32.6137,33.0581,32.5986,32.7915,32.6587,32.9066,32.6535,33.0883,33.0033,33.1029,32.8381,32.8301,33.0402,32.9782,32.6515,32.8257,32.4672,33.1708,32.3199,32.4277,32.7226,32.8677,32.6936,32.6481,33.0632,32.8554,32.6753,32.4840,32.6748,32.8434,32.6549,32.6562,32.6639,32.6791,32.7984,32.5049,33.0022,32.5183,32.8505,32.8540,33.0258,32.7029,33.2186,32.7157,33.1061,32.9504,32.9374,32.5539,33.1418,32.9039,32.2500,32.2620,32.4543,32.7398,32.4163,32.7393,32.4505,32.7408,32.5814,32.5588,32.4243,33.0136,32.5545,32.7283,32.7625,32.8341,32.7057,32.8331,32.7621,33.0020,32.5905,32.6768,32.7625,33.2712,32.7251,32.8853,32.7967,33.1089,32.7828,32.5153,33.0468,33.3268,
22:6:5:1:41:29:610,0.4000,274.0000,35.6000,A,32.2113,73.4179,31.7400,100265,88.6260,0.0000,0.0000,0.0000,0.0000,0.0000,0.0000,0.0000,0.0000,0.0000,0.0000,0.0000,0.0000,0,0,0,0,0,0,0.0000000,0.0000000,0.0000000,
22:6:5:1:41:29:729,0.4000,274.0000,35.6000,A,32.2220,73.4232,31.7400,100262,88.8779,0.0000,0.0000,0.0000,0.0000,0.0000,0.0000,0.0000,0.0000,0.0000,0.0000,0.0000,0.0000,0,0,0,0,0,0,0.0000000,0.0000000,0.0000000,
22:6:5:1:41:29:832,0.4000,274.0000,35.6000,A,32.2329,73.4209,31.7500,100261,88.9619,0.0000,0.0000,0.0000,0.0000,0.0000,0.0000,0.0000,0.0000,0.0000,0.0000,0.0000,0.0000,0,0,0,0,0,0,0.0000000,0.0000000,0.0000000,
22:6:5:1:41:29:948,0.4000,274.0000,35.6000,A,32.2300,73.4222,31.7500,100268,88.3741,0.0000,0.0000,0.0000,0.0000,0.0000,0.0000,0.0000,0.0000,0.0000,0.0000,0.0000,0.0000,0,0,0,0,0,0,0.0000000,0.0000000,0.0000000,
22:6:5:1:41:30:55,0.4000,274.0000,35.6000,A,32.2399,73.4059,31.7500,100263,88.7940,0.0000,0.0000,0.0000,0.0000,0.0000,0.0000,0.0000,0.0000,0.0000,0.0000,0.0000,0.0000,0,0,0,0,0,0,0.0000000,0.0000000,0.0000000,
22:6:5:1:41:30:171,0.4000,274.0000,35.6000,A,32.2369,73.4101,31.7500,100265,88.6260,0.0000,0.0000,0.0000,0.0000,0.0000,0.0000,0.0000,0.0000,0.0000,0.0000,0.0000,0.0000,0,0,0,0,0,0,0.0000000,0.0000000,0.0000000,
22:6:5:1:41:30:278,0.4000,274.0000,35.6000,A,32.2418,73.4429,31.7500,100265,88.6260,0.0000,0.0000,0.0000,0.0000,0.0000,0.0000,0.0000,0.0000,0.0000,0.0000,0.0000,0.0000,0,0,0,0,0,0,0.0000000,0.0000000,0.0000000,
22:6:5:1:41:30:394,0.4000,274.0000,35.6000,A,32.2418,73.4161,31.7500,100265,88.6260,0.0000,0.0000,0.0000,0.0000,0.0000,0.0000,0.0000,0.0000,0.0000,0.0000,0.0000,0.0000,0,0,0,0,0,0,0.0000000,0.0000000,0.0000000,
22:6:5:1:41:30:497,0.4000,274.0000,35.6000,A,32.2470,73.4235,31.7500,100264,88.7100,0.0000,0.0000,0.0000,0.0000,0.0000,0.0000,0.0000,0.0000,0.0000,0.0000,0.0000,0.0000,0,0,0,0,0,0,0.0000000,0.0000000,0.0000000,33.0213,32.0150,32.4682,32.4869,32.9114,32.0803,33.0705,32.3183,32.6703,32.5289,32.6691,32.7624,32.5205,32.3905,32.6405,32.4165,32.6893,32.4179,32.6762,32.7936,32.5097,32.2562,32.6965,32.8314,32.9225,32.2401,32.7176,32.0172,32.5798,31.8026,32.8056,32.8658,31.9579,32.7615,32.4366,32.9571,32.4640,32.7415,32.2512,32.9205,32.6292,32.7352,32.6293,32.7255,32.2751,32.7799,32.6358,32.7717,32.2608,32.7492,32.3054,32.5752,32.4656,32.6436,32.6475,32.8273,32.4796,32.6573,32.7059,32.6706,32.2503,32.7129,32.2758,32.7853,33.0039,32.5540,32.9033,32.3037,32.7283,32.3157,33.0117,32.5626,33.0254,32.2183,32.9856,32.4085,32.5340,32.3744,33.0310,32.5950,32.8448,31.9591,32.6783,32.4397,32.8732,32.4484,32.9022,32.2880,32.3549,32.1212,33.1467,32.5213,32.3760,32.1007,32.5683,32.6209,31.9948,33.1970,32.4457,32.5306,32.4595,32.5352,32.6301,32.5454,32.4531,32.7275,32.2857,32.7243,32.1312,32.3986,32.3341,32.7756,32.2889,32.6182,32.2992,32.7793,32.3254,32.6410,32.5044,32.9907,32.8073,32.6535,32.3119,32.8616,32.2715,32.3092,32.7357,32.7734,32.7427,32.1806,32.6947,32.1556,32.6960,32.3674,32.4964,32.5555,32.4993,32.2248,32.8342,32.4044,32.6816,32.0826,32.6673,32.4252,32.5319,32.2731,32.5048,32.2745,32.5267,32.2721,32.5501,32.2809,32.5643,32.1174,32.9367,32.3593,32.7846,32.5342,32.7831,32.4043,32.6700,32.3996,32.0343,32.7363,32.1119,32.5528,32.2950,32.8970,32.2717,32.5561,31.9772,32.7551,32.3290,32.6105,32.5119,32.6034,32.3088,32.2994,32.3402,32.6178,32.3228,32.6396,32.1821,32.6339,32.6625,32.3182,32.5094,32.8661,32.1650,32.5133,32.5081,32.7740,32.9646,32.7491,32.6900,32.5528,32.7173,32.2055,32.6642,32.2156,32.6978,32.2394,32.8281,32.5805,33.0102,32.1021,32.9806,32.4206,32.6712,32.4287,32.5147,32.4491,32.7024,32.4502,32.5507,32.3322,32.7397,32.1230,32.5743,32.3486,32.7585,32.3575,32.8156,32.4010,32.3250,32.7640,32.1444,32.5880,32.1253,32.3973,32.3435,32.7649,32.1596,32.7767,32.3595,32.6033,32.3518,32.4619,32.3568,32.6033,32.3355,32.6240,32.2073,32.6242,32.2038,32.7970,32.3520,32.6403,32.3759,32.6710,32.5400,32.6674,32.1677,32.8975,32.3323,32.5633,32.9636,32.3506,32.5082,32.5625,32.8985,32.2120,32.8698,32.7382,32.7039,32.4010,32.6655,32.4223,32.5384,32.5800,32.6646,32.7553,32.6842,31.9696,32.6954,32.1403,32.5759,32.1533,32.7208,32.5191,32.9052,32.3526,32.9149,32.3427,32.8023,32.3527,32.7699,32.6172,32.3088,33.0130,32.1253,32.7945,32.5510,32.7883,32.3670,32.6108,32.5084,32.6105,32.0569,32.7673,32.5279,32.6298,32.3843,32.7753,32.6715,32.7891,32.5210,32.6372,32.2179,32.6575,32.5444,32.8201,32.5500,32.6759,32.3664,33.0259,32.5592,32.5262,32.7399,32.7698,32.5808,32.5489,32.8805,32.2401,32.8816,32.2021,32.8741,32.3993,32.8470,32.4147,32.8367,32.3026,32.8380,32.2721,32.8663,32.5946,32.7110,32.6290,32.3996,32.3364,32.5760,32.3315,32.8818,32.4691,32.7460,32.5272,32.7611,32.8888,32.6005,32.1969,32.9812,32.6169,32.1621,32.6308,32.5653,32.6124,32.5513,32.7891,32.2131,32.7829,32.3678,32.9492,32.2319,32.9361,32.2221,32.6300,32.5544,32.6235,32.3706,32.6433,32.2393,32.6372,32.5279,32.6516,32.3839,32.8139,32.2354,32.5269,32.5675,32.5313,32.4034,32.5437,32.7988,32.9806,33.4249,32.3540,32.7574,32.3895,32.7306,32.0669,32.8905,32.7437,32.7189,32.4213,32.8757,32.4379,32.7214,32.2841,32.8723,32.7547,32.7056,32.3438,32.7231,32.1972,32.7233,32.3523,32.7354,32.6804,32.5922,32.5361,32.7628,32.8913,32.7841,32.7535,33.0258,32.6259,32.2175,32.6646,32.5934,32.8161,32.2247,32.8133,32.5763,32.9575,32.4050,32.4874,32.5691,32.9430,32.2690,32.8003,32.2682,32.7962,32.0966,32.6621,32.7148,32.6576,32.2558,32.6706,32.4102,32.8352,32.3916,32.5417,32.7934,32.8734,32.4250,32.5679,32.4458,32.9873,33.2148,32.6189,32.9669,32.5873,32.7709,32.7536,32.9125,32.5875,32.6007,32.4725,33.2059,32.4630,32.8948,32.4502,32.7359,32.4620,32.7137,32.3148,32.8934,32.8300,32.5769,32.3704,33.0670,32.8563,32.9368,32.3692,32.9527,32.5639,32.9873,32.5768,32.9976,32.4390,32.2619,32.8877,32.4475,32.8484,32.2888,32.8430,32.4452,32.6614,32.5905,32.6657,32.7565,32.9682,32.3048,32.6633,32.6006,33.1268,32.1540,32.8326,32.5929,32.6774,32.4268,32.6971,32.6298,32.6887,32.4470,32.5404,32.6509,32.9394,32.8075,32.5756,32.6587,33.0083,32.8561,32.1829,32.8470,32.6402,32.7829,32.4329,33.1102,32.8222,32.7521,32.6390,32.8856,32.6560,32.7451,32.6169,32.8867,32.5139,32.9099,32.3425,32.9128,32.5366,32.6254,32.5298,32.7706,32.7046,32.9708,32.3752,32.6352,32.5718,33.0460,32.5765,32.8461,32.6550,32.2805,32.5129,32.4831,32.8710,32.3127,32.5240,32.4769,32.8524,32.6276,32.6883,32.7781,32.8459,32.1846,32.6846,32.4793,32.8466,32.4262,32.8471,32.4606,33.0010,32.6479,32.7138,32.4938,32.8734,32.6094,32.6208,32.6711,32.9249,32.8337,32.5910,32.8876,32.8403,33.1404,32.6612,33.0412,32.8624,33.1902,32.4762,32.9759,32.8452,32.9577,32.3405,32.9455,32.6804,32.6234,32.5229,32.7755,32.6935,32.9206,32.3747,32.7826,32.7040,32.9375,32.2258,32.7918,32.7714,32.8316,32.5686,33.0065,32.9422,33.2213,32.7754,32.8736,32.6580,31.9072,32.9618,32.5184,33.1077,32.3692,32.7213,32.5635,33.0537,32.3692,33.0506,32.8279,32.8646,32.5056,32.8739,32.8090,33.1868,32.6448,32.7329,32.6496,33.0408,32.5188,32.8949,32.8608,32.8961,32.8074,32.9842,32.7206,32.9955,33.0606,33.1756,32.9403,33.1301,33.2241,32.6848,32.9053,32.5037,32.8869,32.4918,33.0212,33.0533,33.0012,32.5170,32.8152,32.5327,32.8220,32.6968,32.9738,32.7120,33.1488,32.5449,33.1344,32.8938,33.0113,32.5608,33.6789,32.9283,33.1667,32.9320,33.2276,32.9705,33.0875,32.8024,33.1174,33.1732,32.2215,32.8065,32.7754,33.3575,32.4387,32.8234,32.7280,32.9263,32.4001,32.7589,32.4250,32.9095,32.5604,32.7587,32.6927,33.2317,32.5028,32.4819,33.0643,33.0822,32.3909,33.2650,32.9146,33.1154,32.5667,32.8429,33.1291,32.9913,32.5430,33.2310,32.5686,33.1851,33.2178,32.4948,33.3635,33.3433,33.2878,32.5162,33.2625,32.5533,33.0405,32.7162,32.6874,32.7301,33.0045,32.3756,33.1860,32.7392,32.9787,32.5604,33.0146,32.7508,33.2037,32.9116,33.3953,32.7695,32.8710,32.5954,32.9273,33.2211,33.1513,32.6278,33.5942,33.2205,32.1490,33.1534,32.7872,33.1638,32.3215,33.1368,32.5570,33.4846,32.4931,32.7478,32.5207,33.2014,32.8082,33.4116,32.6843,33.0138,32.6175,33.0121,32.6841,33.3547,32.5011,32.8615,32.8585,33.2845,32.6303,33.0837,32.9026,33.3190,33.0857,32.9424,33.6074,33.7931,
22:6:5:1:41:30:673,0.4000,274.0000,35.6000,A,32.2123,73.4238,31.7400,100262,88.8779,0.0000,0.0000,0.0000,0.0000,0.0000,0.0000,0.0000,0.0000,0.0000,0.0000,0.0000,0.0000,0,0,0,0,0,0,0.0000000,0.0000000,0.0000000,
22:6:5:1:41:30:776,0.4000,274.0000,35.6000,A,32.2325,73.4116,31.7500,100265,88.6260,0.0000,0.0000,0.0000,0.0000,0.0000,0.0000,0.0000,0.0000,0.0000,0.0000,0.0000,0.0000,0,0,0,0,0,0,0.0000000,0.0000000,0.0000000,
22:6:5:1:41:30:896,0.5000,119.0000,41.4000,A,32.2287,73.4272,31.7500,100266,88.5421,0.0000,0.0000,0.0000,0.0000,0.0000,0.0000,0.0000,0.0000,0.0000,0.0000,0.0000,0.0000,0,0,0,0,0,0,0.0000000,0.0000000,0.0000000,
22:6:5:1:41:30:999,0.5000,119.0000,41.4000,A,32.2397,73.3964,31.7500,100263,88.7940,0.0000,0.0000,0.0000,0.0000,0.0000,0.0000,0.0000,0.0000,0.0000,0.0000,0.0000,0.0000,0,0,0,0,0,0,0.0000000,0.0000000,0.0000000,
