Timestamp,Wind speed,Wind angle,Acoustic temperature windsensor,Temperature validity,Temperature_aht10,Relative humidity_aht10,Temperature_ms5611,Pressure_ms5611,Absolute_altitude_ms5611,timestamp_pix_attitude,Roll,Pitch,Yaw,Roll speed,Pitch speed,Yaw speed,timestamp_pix_loc_pos,x,y,z,vx,vy,vz,timestamp_pix_gps,pix_lat,pix_lon,pix_alt,pix_gps_vx,pix_gps_vy,pix_gps_vz,latitude,longitude,altitude_gps,relative_altitude_gps,Pixel_0,Pixel_1,Pixel_2,Pixel_3,Pixel_4,Pixel_5,Pixel_6,Pixel_7,Pixel_8,Pixel_9,Pixel_10,Pixel_11,Pixel_12,Pixel_13,Pixel_14,Pixel_15,Pixel_16,Pixel_17,Pixel_18,Pixel_19,Pixel_20,Pixel_21,Pixel_22,Pixel_23,Pixel_24,Pixel_25,Pixel_26,Pixel_27,Pixel_28,Pixel_29,Pixel_30,Pixel_31,Pixel_32,Pixel_33,Pixel_34,Pixel_35,Pixel_36,Pixel_37,Pixel_38,Pixel_39,Pixel_40,Pixel_41,Pixel_42,Pixel_43,Pixel_44,Pixel_45,Pixel_46,Pixel_47,Pixel_48,Pixel_49,Pixel_50,Pixel_51,Pixel_52,Pixel_53,Pixel_54,Pixel_55,Pixel_56,Pixel_57,Pixel_58,Pixel_59,Pixel_60,Pixel_61,Pixel_62,Pixel_63,Pixel_64,Pixel_65,Pixel_66,Pixel_67,Pixel_68,Pixel_69,Pixel_70,Pixel_71,Pixel_72,Pixel_73,Pixel_74,Pixel_75,Pixel_76,Pixel_77,Pixel_78,Pixel_79,Pixel_80,Pixel_81,Pixel_82,Pixel_83,Pixel_84,Pixel_85,Pixel_86,Pixel_87,Pixel_88,Pixel_89,Pixel_90,Pixel_91,Pixel_92,Pixel_93,Pixel_94,Pixel_95,Pixel_96,Pixel_97,Pixel_98,Pixel_99,Pixel_100,Pixel_101,Pixel_102,Pixel_103,Pixel_104,Pixel_105,Pixel_106,Pixel_107,Pixel_108,Pixel_109,Pixel_110,Pixel_111,Pixel_112,Pixel_113,Pixel_114,Pixel_115,Pixel_116,Pixel_117,Pixel_118,Pixel_119,Pixel_120,Pixel_121,Pixel_122,Pixel_123,Pixel_124,Pixel_125,Pixel_126,Pixel_127,Pixel_128,Pixel_129,Pixel_130,Pixel_131,Pixel_132,Pixel_133,Pixel_134,Pixel_135,Pixel_136,Pixel_137,Pixel_138,Pixel_139,Pixel_140,Pixel_141,Pixel_142,Pixel_143,Pixel_144,Pixel_145,Pixel_146,Pixel_147,Pixel_148,Pixel_149,Pixel_150,Pixel_151,Pixel_152,Pixel_153,Pixel_154,Pixel_155,Pixel_156,Pixel_157,Pixel_158,Pixel_159,Pixel_160,Pixel_161,Pixel_162,Pixel_163,Pixel_164,Pixel_165,Pixel_166,Pixel_167,Pixel_168,Pixel_169,Pixel_170,Pixel_171,Pixel_172,Pixel_173,Pixel_174,Pixel_175,Pixel_176,Pixel_177,Pixel_178,Pixel_179,Pixel_180,Pixel_181,Pixel_182,Pixel_183,Pixel_184,Pixel_185,Pixel_186,Pixel_187,Pixel_188,Pixel_189,Pixel_190,Pixel_191,Pixel_192,Pixel_193,Pixel_194,Pixel_195,Pixel_196,Pixel_197,Pixel_198,Pixel_199,Pixel_200,Pixel_201,Pixel_202,Pixel_203,Pixel_204,Pixel_205,Pixel_206,Pixel_207,Pixel_208,Pixel_209,Pixel_210,Pixel_211,Pixel_212,Pixel_213,Pixel_214,Pixel_215,Pixel_216,Pixel_217,Pixel_218,Pixel_219,Pixel_220,Pixel_221,Pixel_222,Pixel_223,Pixel_224,Pixel_225,Pixel_226,Pixel_227,Pixel_228,Pixel_229,Pixel_230,Pixel_231,Pixel_232,Pixel_233,Pixel_234,Pixel_235,Pixel_236,Pixel_237,Pixel_238,Pixel_239,Pixel_240,Pixel_241,Pixel_242,Pixel_243,Pixel_244,Pixel_245,Pixel_246,Pixel_247,Pixel_248,Pixel_249,Pixel_250,Pixel_251,Pixel_252,Pixel_253,Pixel_254,Pixel_255,Pixel_256,Pixel_257,Pixel_258,Pixel_259,Pixel_260,Pixel_261,Pixel_262,Pixel_263,Pixel_264,Pixel_265,Pixel_266,Pixel_267,Pixel_268,Pixel_269,Pixel_270,Pixel_271,Pixel_272,Pixel_273,Pixel_274,Pixel_275,Pixel_276,Pixel_277,Pixel_278,Pixel_279,Pixel_280,Pixel_281,Pixel_282,Pixel_283,Pixel_284,Pixel_285,Pixel_286,Pixel_287,Pixel_288,Pixel_289,Pixel_290,Pixel_291,Pixel_292,Pixel_293,Pixel_294,Pixel_295,Pixel_296,Pixel_297,Pixel_298,Pixel_299,Pixel_300,Pixel_301,Pixel_302,Pixel_303,Pixel_304,Pixel_305,Pixel_306,Pixel_307,Pixel_308,Pixel_309,Pixel_310,Pixel_311,Pixel_312,Pixel_313,Pixel_314,Pixel_315,Pixel_316,Pixel_317,Pixel_318,Pixel_319,Pixel_320,Pixel_321,Pixel_322,Pixel_323,Pixel_324,Pixel_325,Pixel_326,Pixel_327,Pixel_328,Pixel_329,Pixel_330,Pixel_331,Pixel_332,Pixel_333,Pixel_334,Pixel_335,Pixel_336,Pixel_337,Pixel_338,Pixel_339,Pixel_340,Pixel_341,Pixel_342,Pixel_343,Pixel_344,Pixel_345,Pixel_346,Pixel_347,Pixel_348,Pixel_349,Pixel_350,Pixel_351,Pixel_352,Pixel_353,Pixel_354,Pixel_355,Pixel_356,Pixel_357,Pixel_358,Pixel_359,Pixel_360,Pixel_361,Pixel_362,Pixel_363,Pixel_364,Pixel_365,Pixel_366,Pixel_367,Pixel_368,Pixel_369,Pixel_370,Pixel_371,Pixel_372,Pixel_373,Pixel_374,Pixel_375,Pixel_376,Pixel_377,Pixel_378,Pixel_379,Pixel_380,Pixel_381,Pixel_382,Pixel_383,Pixel_384,Pixel_385,Pixel_386,Pixel_387,Pixel_388,Pixel_389,Pixel_390,Pixel_391,Pixel_392,Pixel_393,Pixel_394,Pixel_395,Pixel_396,Pixel_397,Pixel_398,Pixel_399,Pixel_400,Pixel_401,Pixel_402,Pixel_403,Pixel_404,Pixel_405,Pixel_406,Pixel_407,Pixel_408,Pixel_409,Pixel_410,Pixel_411,Pixel_412,Pixel_413,Pixel_414,Pixel_415,Pixel_416,Pixel_417,Pixel_418,Pixel_419,Pixel_420,Pixel_421,Pixel_422,Pixel_423,Pixel_424,Pixel_425,Pixel_426,Pixel_427,Pixel_428,Pixel_429,Pixel_430,Pixel_431,Pixel_432,Pixel_433,Pixel_434,Pixel_435,Pixel_436,Pixel_437,Pixel_438,Pixel_439,Pixel_440,Pixel_441,Pixel_442,Pixel_443,Pixel_444,Pixel_445,Pixel_446,Pixel_447,Pixel_448,Pixel_449,Pixel_450,Pixel_451,Pixel_452,Pixel_453,Pixel_454,Pixel_455,Pixel_456,Pixel_457,Pixel_458,Pixel_459,Pixel_460,Pixel_461,Pixel_462,Pixel_463,Pixel_464,Pixel_465,Pixel_466,Pixel_467,Pixel_468,Pixel_469,Pixel_470,Pixel_471,Pixel_472,Pixel_473,Pixel_474,Pixel_475,Pixel_476,Pixel_477,Pixel_478,Pixel_479,Pixel_480,Pixel_481,Pixel_482,Pixel_483,Pixel_484,Pixel_485,Pixel_486,Pixel_487,Pixel_488,Pixel_489,Pixel_490,Pixel_491,Pixel_492,Pixel_493,Pixel_494,Pixel_495,Pixel_496,Pixel_497,Pixel_498,Pixel_499,Pixel_500,Pixel_501,Pixel_502,Pixel_503,Pixel_504,Pixel_505,Pixel_506,Pixel_507,Pixel_508,Pixel_509,Pixel_510,Pixel_511,Pixel_512,Pixel_513,Pixel_514,Pixel_515,Pixel_516,Pixel_517,Pixel_518,Pixel_519,Pixel_520,Pixel_521,Pixel_522,Pixel_523,Pixel_524,Pixel_525,Pixel_526,Pixel_527,Pixel_528,Pixel_529,Pixel_530,Pixel_531,Pixel_532,Pixel_533,Pixel_534,Pixel_535,Pixel_536,Pixel_537,Pixel_538,Pixel_539,Pixel_540,Pixel_541,Pixel_542,Pixel_543,Pixel_544,Pixel_545,Pixel_546,Pixel_547,Pixel_548,Pixel_549,Pixel_550,Pixel_551,Pixel_552,Pixel_553,Pixel_554,Pixel_555,Pixel_556,Pixel_557,Pixel_558,Pixel_559,Pixel_560,Pixel_561,Pixel_562,Pixel_563,Pixel_564,Pixel_565,Pixel_566,Pixel_567,Pixel_568,Pixel_569,Pixel_570,Pixel_571,Pixel_572,Pixel_573,Pixel_574,Pixel_575,Pixel_576,Pixel_577,Pixel_578,Pixel_579,Pixel_580,Pixel_581,Pixel_582,Pixel_583,Pixel_584,Pixel_585,Pixel_586,Pixel_587,Pixel_588,Pixel_589,Pixel_590,Pixel_591,Pixel_592,Pixel_593,Pixel_594,Pixel_595,Pixel_596,Pixel_597,Pixel_598,Pixel_599,Pixel_600,Pixel_601,Pixel_602,Pixel_603,Pixel_604,Pixel_605,Pixel_606,Pixel_607,Pixel_608,Pixel_609,Pixel_610,Pixel_611,Pixel_612,Pixel_613,Pixel_614,Pixel_615,Pixel_616,Pixel_617,Pixel_618,Pixel_619,Pixel_620,Pixel_621,Pixel_622,Pixel_623,Pixel_624,Pixel_625,Pixel_626,Pixel_627,Pixel_628,Pixel_629,Pixel_630,Pixel_631,Pixel_632,Pixel_633,Pixel_634,Pixel_635,Pixel_636,Pixel_637,Pixel_638,Pixel_639,Pixel_640,Pixel_641,Pixel_642,Pixel_643,Pixel_644,Pixel_645,Pixel_646,Pixel_647,Pixel_648,Pixel_649,Pixel_650,Pixel_651,Pixel_652,Pixel_653,Pixel_654,Pixel_655,Pixel_656,Pixel_657,Pixel_658,Pixel_659,Pixel_660,Pixel_661,Pixel_662,Pixel_663,Pixel_664,Pixel_665,Pixel_666,Pixel_667,Pixel_668,Pixel_669,Pixel_670,Pixel_671,Pixel_672,Pixel_673,Pixel_674,Pixel_675,Pixel_676,Pixel_677,Pixel_678,Pixel_679,Pixel_680,Pixel_681,Pixel_682,Pixel_683,Pixel_684,Pixel_685,Pixel_686,Pixel_687,Pixel_688,Pixel_689,Pixel_690,Pixel_691,Pixel_692,Pixel_693,Pixel_694,Pixel_695,Pixel_696,Pixel_697,Pixel_698,Pixel_699,Pixel_700,Pixel_701,Pixel_702,Pixel_703,Pixel_704,Pixel_705,Pixel_706,Pixel_707,Pixel_708,Pixel_709,Pixel_710,Pixel_711,Pixel_712,Pixel_713,Pixel_714,Pixel_715,Pixel_716,Pixel_717,Pixel_718,Pixel_719,Pixel_720,Pixel_721,Pixel_722,Pixel_723,Pixel_724,Pixel_725,Pixel_726,Pixel_727,Pixel_728,Pixel_729,Pixel_730,Pixel_731,Pixel_732,Pixel_733,Pixel_734,Pixel_735,Pixel_736,Pixel_737,Pixel_738,Pixel_739,Pixel_740,Pixel_741,Pixel_742,Pixel_743,Pixel_744,Pixel_745,Pixel_746,Pixel_747,Pixel_748,Pixel_749,Pixel_750,Pixel_751,Pixel_752,Pixel_753,Pixel_754,Pixel_755,Pixel_756,Pixel_757,Pixel_758,Pixel_759,Pixel_760,Pixel_761,Pixel_762,Pixel_763,Pixel_764,Pixel_765,Pixel_766,Pixel_767,
22:6:18:5:20:19:528,0.0000,0.0000,0.0000,,27.9814,94.9661,27.8300,99701,136.0914,0,0.0000,0.0000,0.0000,0.0000,0.0000,0.0000,0,0.0000,0.0000,0.0000,0.0000,0.0000,0.0000,0,0,0,0,0,0,0,0.00,0.00,0.00,0,
22:6:18:5:20:19:632,0.0000,0.0000,0.0000,,28.0334,94.9760,27.8500,99702,136.0070,0,0.0000,0.0000,0.0000,0.0000,0.0000,0.0000,0,0.0000,0.0000,0.0000,0.0000,0.0000,0.0000,0,0,0,0,0,0,0,0.00,0.00,0.00,0,
22:6:18:5:20:19:751,0.0000,0.0000,0.0000,,28.0615,94.9750,27.8600,99700,136.1757,0,0.0000,0.0000,0.0000,0.0000,0.0000,0.0000,0,0.0000,0.0000,0.0000,0.0000,0.0000,0.0000,0,0,0,0,0,0,0,0.00,0.00,0.00,0,
22:6:18:5:20:19:854,0.0000,0.0000,0.0000,,28.0882,94.9962,27.8600,99701,136.0914,0,0.0000,0.0000,0.0000,0.0000,0.0000,0.0000,0,0.0000,0.0000,0.0000,0.0000,0.0000,0.0000,0,0,0,0,0,0,0,0.00,0.00,0.00,0,
22:6:18:5:20:19:970,0.0000,0.0000,0.0000,,28.1042,94.9832,27.8700,99700,136.1757,0,0.0000,0.0000,0.0000,0.0000,0.0000,0.0000,0,0.0000,0.0000,0.0000,0.0000,0.0000,0.0000,0,0,0,0,0,0,0,0.00,0.00,0.00,0,
22:6:18:5:20:20:77,0.0000,0.0000,0.0000,,28.1202,94.9971,27.8700,99699,136.2601,0,0.0000,0.0000,0.0000,0.0000,0.0000,0.0000,0,0.0000,0.0000,0.0000,0.0000,0.0000,0.0000,0,0,0,0,0,0,0,0.00,0.00,0.00,0,
22:6:18:5:20:20:192,0.0000,0.0000,0.0000,,28.1294,95.0077,27.8800,99701,136.0914,0,0.0000,0.0000,0.0000,0.0000,0.0000,0.0000,0,0.0000,0.0000,0.0000,0.0000,0.0000,0.0000,0,0,0,0,0,0,0,0.00,0.00,0.00,0,
22:6:18:5:20:20:299,0.0000,0.0000,0.0000,,28.1424,95.0076,27.8800,99702,136.0070,0,0.0000,0.0000,0.0000,0.0000,0.0000,0.0000,0,0.0000,0.0000,0.0000,0.0000,0.0000,0.0000,0,0,0,0,0,0,0,0.00,0.00,0.00,0,
22:6:18:5:20:20:415,0.0000,358.0000,0.0000,,28.1487,95.0054,27.8800,99700,136.1757,0,0.0000,0.0000,0.0000,0.0000,0.0000,0.0000,0,0.0000,0.0000,0.0000,0.0000,0.0000,0.0000,0,0,0,0,0,0,0,0.00,0.00,0.00,0,
22:6:18:5:20:20:519,0.0000,358.0000,0.0000,,28.1614,95.0210,27.8800,99702,136.0070,0,0.0000,0.0000,0.0000,0.0000,0.0000,0.0000,0,0.0000,0.0000,0.0000,0.0000,0.0000,0.0000,0,0,0,0,0,0,0,0.00,0.00,0.00,0,
22:6:18:5:20:20:639,0.6000,152.0000,36.0000,A,28.1586,95.0107,27.8800,99698,136.3445,0,0.0000,0.0000,0.0000,0.0000,0.0000,0.0000,0,0.0000,0.0000,0.0000,0.0000,0.0000,0.0000,0,0,0,0,0,0,0,0.00,0.00,0.00,0,597.2086,27.3156,604.3251,28.0618,606.7117,28.2250,609.7043,28.8602,611.2798,28.5986,611.7469,28.4512,610.8588,28.4000,614.3139,28.8162,611.7286,27.5140,611.3024,27.1758,610.1477,26.7777,608.9440,26.7636,606.3774,26.4708,604.6606,26.8799,598.9237,27.7583,595.4589,27.9035,27.4732,604.7580,28.0176,607.4081,27.9511,609.3182,28.5857,611.2083,28.4794,611.9395,28.8959,612.8799,28.9869,610.9040,28.8618,611.3853,28.4232,612.0683,27.0595,611.2036,26.7990,607.8771,27.2356,606.3345,27.1447,603.9530,27.3905,601.0630,27.7473,597.1340,28.0719,590.0939,599.5552,27.8349,606.5059,28.2789,606.9360,28.2119,613.0195,29.1843,612.6089,28.5686,614.8478,28.7607,612.3560,28.3629,612.5157,29.1033,613.5101,28.2345,612.7861,27.0456,611.2133,26.6676,608.9156,26.8643,608.5038,26.7798,604.5342,27.1858,601.6434,27.7891,598.5660,28.1335,27.7287,606.1575,28.4364,609.3354,28.3291,611.5634,28.9166,612.6227,28.7967,613.4806,29.0071,614.1498,28.5799,614.4221,28.9917,612.3072,28.5635,611.7662,27.6309,611.3142,27.2350,609.6475,26.9158,608.5461,26.8059,606.0790,27.0253,603.6575,27.9627,600.2393,27.8346,593.2067,602.9893,28.0672,607.6390,28.2661,609.6883,28.3963,612.2933,28.7720,613.8309,28.8759,614.1727,29.2469,614.1242,29.1775,614.8109,29.0519,613.4212,28.8600,614.3624,27.5760,612.6516,26.5244,610.3581,26.8756,608.7886,26.6623,606.0875,27.4456,603.1722,27.7806,600.4420,28.3391,27.7372,605.4653,27.9942,610.2853,28.3062,612.1736,28.8751,613.4855,28.9162,614.3515,28.9706,613.2241,28.7244,613.1165,29.2796,613.3984,28.8740,612.8790,28.6365,612.0765,27.4104,610.4491,26.9684,609.6249,27.0435,607.4003,27.2565,604.9505,28.1888,601.6028,28.4710,595.1053,603.2671,28.0351,609.0564,28.8436,609.6553,28.3675,613.4902,28.9058,613.0313,28.8364,614.8472,29.1826,613.7858,28.9695,615.3272,29.0260,615.2445,28.9997,614.8338,29.0562,613.0869,27.5652,610.7635,27.0910,609.6440,26.8662,607.4728,27.9920,605.6805,28.7582,599.9846,28.7342,27.7819,608.0754,28.6168,609.1400,28.4826,612.7392,29.0450,612.3275,28.9067,612.7065,29.1318,613.6821,28.8864,613.5607,29.2528,613.7021,29.1762,612.7950,28.7878,612.5798,28.5771,611.5247,27.6576,610.0858,27.4399,607.7597,28.0310,606.4787,28.5440,602.8005,28.2582,596.7120,603.6887,28.4353,609.3935,28.8152,609.9396,28.7068,611.8845,29.0600,613.0018,28.8402,615.2637,29.0150,614.0859,28.9525,615.5992,29.1627,614.9734,28.6554,613.6064,29.3421,611.8796,28.5300,611.5972,28.9478,609.8507,28.6148,608.3645,28.7055,603.8411,28.5429,603.1313,28.3052,27.9946,606.0704,28.6007,608.9955,28.8479,610.8045,28.8632,612.2689,28.9189,612.8130,28.9572,613.4219,29.0428,613.3133,29.0989,613.5917,28.8595,612.7890,29.1101,612.4209,29.0472,611.3688,29.1501,610.1591,28.9592,608.6664,28.9144,606.6497,28.7329,603.4449,28.6610,597.9312,603.3325,28.6291,609.5280,28.8132,610.8700,28.8760,611.6570,28.8865,613.7677,28.6566,614.4441,29.0215,614.7205,28.9585,613.2339,29.1651,613.6913,28.9815,613.1821,28.8792,611.9800,29.1860,611.4745,29.0930,609.8798,28.7818,607.7917,29.0456,605.5086,28.7264,602.6043,28.0993,28.0096,605.6436,28.4470,609.0259,28.6702,610.6451,28.8602,611.5820,28.7535,612.0253,28.9699,612.8065,28.8792,613.0884,29.2477,613.1938,29.0044,612.5018,29.4121,612.3270,28.8867,611.2352,28.9955,610.3564,28.9536,608.0128,28.9095,606.1619,28.5566,603.3799,28.6769,597.2864,599.9557,28.2287,606.1476,28.6208,609.3452,28.8779,610.6856,29.0536,612.0470,28.8295,612.1891,29.1774,612.7552,29.1032,612.7762,29.3130,613.7764,28.8203,612.3577,29.3597,612.2421,29.1767,610.8197,29.1157,609.2218,28.7827,607.4442,29.0555,605.3973,28.3680,600.2126,28.5025,28.0664,604.1523,28.6594,607.9065,28.5310,609.7578,29.2343,611.1229,28.7874,611.3433,29.3142,612.3412,29.0682,612.3213,29.1065,612.3131,29.0277,611.8936,29.1190,611.2821,29.0752,610.6812,29.1707,609.2046,28.9617,607.4656,28.7773,605.7626,28.9285,602.7546,29.0888,596.9390,600.2988,28.0698,604.5758,28.8201,607.0970,28.5495,609.3278,28.8976,609.3955,28.8537,611.0377,29.1580,611.3726,29.2736,611.8535,29.0128,613.0187,28.9731,611.1993,29.3690,611.4867,28.7150,609.8179,29.1265,607.9056,28.8010,606.0709,29.0696,603.5360,28.3713,601.4376,28.7196,27.9093,602.6272,28.3246,606.0242,28.7538,608.0372,28.9310,609.3828,28.9871,610.2134,29.3394,611.1251,28.7930,611.2590,29.2963,610.8863,29.0789,610.5185,29.1590,610.3477,29.0993,609.3356,29.2269,608.2703,29.1748,606.5475,28.9834,602.7318,28.6049,601.8889,28.7322,595.5365,597.6421,28.4613,600.3258,28.6782,605.7691,28.7547,607.1073,28.9454,609.6067,28.8769,610.9828,29.0711,611.0052,28.6823,611.3873,29.2211,610.2181,29.0215,609.8203,29.0815,608.5620,29.0637,608.0518,29.1492,605.7423,28.4800,603.8516,28.9236,599.9598,28.1983,598.3631,28.7428,27.9327,600.9632,28.5612,604.1399,28.8019,606.3638,28.8145,607.8795,28.8630,608.3984,29.0776,608.8439,28.6661,609.7145,28.8771,609.2311,28.9468,609.0761,29.0433,609.1047,28.8315,607.6781,29.2671,606.8082,28.6969,602.5822,29.0238,602.4696,28.6430,599.7549,28.9760,593.5601,591.8611,28.5237,598.9460,28.9090,601.9241,28.4521,604.7843,28.9927,606.4911,28.9130,607.4253,29.2792,608.1355,28.7213,608.2408,29.2621,609.1841,28.7371,607.7521,29.1417,607.8513,28.7748,606.0518,29.0514,603.6177,28.6872,602.2400,29.1532,599.6916,28.2206,595.8355,28.7822,27.9947,597.2569,28.2357,601.0534,28.6998,603.5715,28.8902,605.3167,28.7761,606.1221,29.2973,607.3662,28.8872,607.5903,28.9410,607.4207,29.0144,606.9421,29.4217,606.5880,29.0539,606.0145,29.1663,604.9158,28.7524,600.4313,29.0900,598.2986,28.7009,597.1599,28.6429,587.8640,586.0795,28.1462,594.7476,28.7812,598.2743,28.4870,601.4393,29.2330,603.4315,28.6254,604.7361,29.1696,605.3143,28.9327,605.4576,29.1521,604.9201,28.7818,605.4641,29.3522,603.1338,28.9869,603.1041,29.0819,603.1352,28.7331,599.3049,28.8306,595.8817,28.4532,592.3603,28.6409,27.8875,593.2504,28.5129,597.3528,28.2343,597.5871,28.7734,602.2657,28.6764,603.2886,29.0594,604.2933,28.6283,604.6140,29.0103,604.9557,29.0873,602.5712,29.0248,604.1618,29.1328,603.0265,29.2482,601.7770,28.8406,597.4271,28.9927,597.2286,28.5755,593.5867,28.7179,583.7378,585.0130,28.4073,590.1646,28.8493,595.3026,28.5488,597.1378,29.1408,600.1670,28.8653,600.4345,29.2613,602.9776,28.6489,602.1647,29.2099,604.5482,29.0027,602.2927,29.4207,601.1882,28.8702,600.0500,29.3421,598.9646,28.9717,593.8073,29.3104,591.1281,28.2904,588.8335,28.6950,27.3653,584.0109,28.0740,586.1265,28.1527,589.4099,28.6064,591.5594,28.6380,593.6091,29.0587,597.0867,28.7555,595.8936,29.3578,598.7172,29.0677,598.8233,29.1825,598.2343,28.9311,597.1134,29.4224,592.8331,28.4347,592.5261,29.1823,588.8347,28.5414,586.2188,28.9133,573.6265,
22:6:18:5:20:20:809,0.6000,152.0000,36.0000,A,28.1343,95.0201,27.8700,99700,136.1757,0,0.0000,0.0000,0.0000,0.0000,0.0000,0.0000,0,0.0000,0.0000,0.0000,0.0000,0.0000,0.0000,0,0,0,0,0,0,0,0.00,0.00,0.00,0,
22:6:18:5:20:20:926,0.4000,167.0000,35.4000,A,28.1498,95.0232,27.8700,99700,136.1757,0,0.0000,0.0000,0.0000,0.0000,0.0000,0.0000,0,0.0000,0.0000,0.0000,0.0000,0.0000,0.0000,0,0,0,0,0,0,0,0.00,0.00,0.00,0,
22:6:18:5:20:21:34,0.4000,167.0000,35.4000,A,28.1588,95.0079,27.8800,99701,136.0914,0,0.0000,0.0000,0.0000,0.0000,0.0000,0.0000,0,0.0000,0.0000,0.0000,0.0000,0.0000,0.0000,0,0,0,0,0,0,0,0.00,0.00,0.00,0,
22:6:18:5:20:21:150,0.4000,94.0000,34.8000,A,28.1630,94.9939,27.8800,99699,136.2601,0,0.0000,0.0000,0.0000,0.0000,0.0000,0.0000,0,0.0000,0.0000,0.0000,0.0000,0.0000,0.0000,0,0,0,0,0,0,0,0.00,0.00,0.00,0,
22:6:18:5:20:21:257,0.4000,94.0000,34.8000,A,28.1702,95.0197,27.8800,99704,135.8383,0,0.0000,0.0000,0.0000,0.0000,0.0000,0.0000,0,0.0000,0.0000,0.0000,0.0000,0.0000,0.0000,0,0,0,0,0,0,0,0.00,0.00,0.00,0,
22:6:18:5:20:21:373,0.2000,129.0000,34.3000,A,28.1693,95.0095,27.8800,99697,136.4288,0,0.0000,0.0000,0.0000,0.0000,0.0000,0.0000,0,0.0000,0.0000,0.0000,0.0000,0.0000,0.0000,0,0,0,0,0,0,0,0.00,0.00,0.00,0,
22:6:18:5:20:21:477,0.2000,129.0000,34.3000,A,28.1801,95.0235,27.8800,99699,136.2601,0,0.0000,0.0000,0.0000,0.0000,0.0000,0.0000,0,0.0000,0.0000,0.0000,0.0000,0.0000,0.0000,0,0,0,0,0,0,0,0.00,0.00,0.00,0,
22:6:18:5:20:21:597,0.2000,146.0000,33.5000,A,28.1736,95.0096,27.8800,99700,136.1757,0,0.0000,0.0000,0.0000,0.0000,0.0000,0.0000,0,0.0000,0.0000,0.0000,0.0000,0.0000,0.0000,0,0,0,0,0,0,0,0.00,0.00,0.00,0,29.0333,29.1689,29.3788,29.3610,29.6889,29.4316,29.5971,29.6148,29.3277,29.5130,29.8688,29.9080,29.6406,29.6469,29.6008,29.6960,29.6034,29.3002,28.1827,28.4536,27.8011,28.0632,27.8218,28.1118,27.8191,28.0861,27.5931,28.1411,28.7489,29.0629,28.5569,28.8055,28.6158,28.0578,29.7556,28.7113,29.7478,28.8788,30.1215,29.6171,29.7611,29.5496,29.7869,29.6960,29.6797,29.5156,30.2457,29.6811,29.6364,28.6166,28.1356,27.9041,27.8829,27.3967,27.9626,27.7382,28.0906,27.7453,28.6069,28.1671,29.4457,28.6647,29.4230,29.2680,28.7450,29.8003,28.8615,29.6987,29.2114,29.5471,29.3145,29.5278,29.9651,29.9694,29.5711,29.9554,29.7071,29.8808,29.8887,29.9397,29.8627,29.4168,28.1814,28.4265,28.0112,28.0614,27.6661,28.1138,27.8330,28.0999,28.4500,28.3674,28.9085,29.6073,29.2041,29.2144,29.2707,28.7348,29.2318,29.2914,29.6572,29.2041,29.8224,29.5244,29.8338,29.4666,29.6815,29.7716,30.0672,29.5716,29.8206,30.0958,30.0678,29.4449,28.8135,28.0914,28.0836,27.6058,27.9736,27.7702,28.0726,27.9527,28.5690,28.3586,29.3585,29.0288,29.5596,28.9647,29.3388,29.5022,29.6535,29.4267,29.5246,29.6724,29.2643,30.0095,29.8686,30.0555,29.8486,30.0811,29.6368,29.9914,29.9722,30.0277,29.6330,29.8300,29.1617,28.7362,28.1712,28.0442,27.6844,27.9190,27.8458,28.0880,28.2413,28.7368,29.4595,29.1542,29.1523,29.5869,29.4156,28.7232,29.7964,29.4408,29.5931,29.5296,29.5623,29.6535,30.0903,29.7539,30.1183,29.9215,30.0119,29.7168,30.0806,29.5474,30.1665,29.7082,29.6151,28.9240,28.7390,28.2888,27.8144,27.7679,28.0847,27.6193,28.3556,28.5466,29.5086,29.1955,29.4856,29.1442,29.5186,29.8290,29.5773,29.7793,29.4759,29.9323,29.5710,29.9235,29.4942,29.8130,30.1267,30.1415,29.9351,29.9170,29.7649,29.6676,29.5793,30.2759,30.0949,30.0191,28.9814,29.0299,28.2005,28.2813,28.2022,27.9032,28.4185,29.2454,29.7556,29.3007,29.5236,29.5220,29.4075,29.3012,29.7386,29.6138,29.8938,29.6437,30.0667,29.7869,30.1983,29.8752,29.9362,30.0088,29.9955,29.9790,30.0417,30.1639,30.1195,29.6965,30.0539,30.0277,29.6889,28.9280,28.8285,28.4616,28.4400,28.1577,28.9007,29.2485,29.8236,29.5313,29.6347,29.5193,29.4859,29.5953,29.7307,30.0936,29.5978,29.7288,29.5510,30.2185,29.9585,30.3100,29.9239,30.2881,30.0589,30.1896,29.7420,30.0961,29.8600,30.0585,30.0977,29.9703,29.7664,30.0919,29.8331,29.9188,29.3804,29.2768,29.4708,29.7613,29.7457,29.8262,29.6761,29.6748,29.3722,29.3049,29.6976,29.3929,29.8674,29.6512,29.8635,29.9150,29.8772,29.5610,30.2237,30.1592,30.1345,29.8047,30.0326,30.2598,30.2392,29.9721,30.2195,30.1529,30.2975,29.8575,30.1106,29.9321,29.9509,29.4939,30.1245,29.5950,30.3476,29.6929,29.8124,29.8685,29.2511,29.7777,29.5278,29.5235,29.5792,29.9003,29.7060,29.7147,29.7810,29.9278,30.0914,30.1312,29.8736,30.0473,29.8931,30.1044,30.0019,30.2211,30.0643,30.2891,29.9119,30.2951,29.8366,29.9027,30.5103,30.2612,29.7958,29.8934,29.7140,29.6153,29.4730,29.4567,29.3705,29.5086,29.7283,29.3869,29.8561,30.0010,29.5185,29.7720,30.0321,29.5446,29.7605,30.0050,30.1189,29.6576,30.0157,29.6654,30.0725,29.9722,30.1871,29.8421,30.1345,30.0387,30.2833,29.7697,29.9337,29.8294,30.2562,29.7442,30.1455,29.4898,29.6185,29.2830,29.7138,29.5731,29.7441,29.8789,29.4492,30.0512,29.7241,29.8714,29.8054,30.1053,29.9572,30.1241,30.1994,30.0249,30.0434,30.2424,29.8645,30.3384,30.2277,30.4503,30.3862,30.1131,29.6727,30.4129,29.8667,30.0888,29.8141,30.0820,29.5218,29.9582,29.6696,30.0367,29.4326,29.3365,29.9311,29.9490,30.0872,29.6471,30.2249,29.7669,30.0637,29.8843,30.2613,29.8552,30.2982,29.9652,30.0245,29.9830,30.2443,29.9585,30.0497,30.1710,30.3192,29.8619,30.1279,30.2782,30.0984,29.8308,30.3152,29.7585,29.9753,29.4902,29.8279,29.6790,29.5299,29.5877,29.5815,30.0737,29.8197,30.3892,29.5715,29.8827,29.8471,30.4417,30.1173,30.2322,30.0681,30.1955,30.0561,30.2485,30.1872,30.1942,30.2568,30.3017,30.2526,29.9553,29.8665,30.0961,29.8996,30.1301,30.0173,30.0943,30.0927,29.7917,29.4840,29.6742,29.2834,29.5477,29.4125,29.2592,29.9477,29.8497,30.0861,30.1383,29.9536,29.5864,30.2818,30.0013,30.3279,29.6850,30.0641,30.1618,30.1557,30.1451,30.0938,29.8693,30.0391,29.5741,30.3606,29.8083,30.1601,29.7074,30.1808,29.7942,30.1903,29.3292,29.6753,29.7135,29.7568,29.6163,29.4541,29.9590,30.0382,30.1173,29.9648,30.0978,29.6998,30.3267,30.0214,30.3488,30.3936,30.2344,29.9489,30.1638,30.1006,29.9649,29.9888,30.1781,29.9781,30.1720,29.9075,29.9647,30.0968,29.8270,29.9035,30.3178,29.6161,29.8385,29.5478,29.7011,29.3245,29.2011,29.8492,29.8677,30.0175,29.3901,29.8188,30.1570,30.3146,29.6398,30.2079,30.1037,29.9173,29.7319,30.2644,30.3713,30.2024,29.9084,30.1461,30.0605,29.9351,29.9487,30.0835,29.8492,30.1735,29.6010,29.8897,29.4893,30.0813,29.5715,29.5332,29.1551,29.0488,29.8917,29.9101,30.0080,29.9484,30.2218,30.0328,30.5120,30.1016,30.0527,30.0686,30.0887,29.8638,30.2790,30.2045,30.5314,30.1547,29.9957,29.8850,30.2786,29.8980,30.2209,29.9751,30.2263,29.8361,30.3903,29.9429,30.0430,29.8608,29.7276,29.8189,30.1921,29.4365,28.8748,29.5697,29.5581,29.4005,29.6528,30.2558,29.9239,30.0840,29.8475,30.2680,30.1557,30.0061,29.7786,30.2251,30.1220,30.4322,30.1050,30.2208,29.8498,30.0259,29.9974,30.4994,29.7485,30.2717,29.6552,29.9663,30.1223,30.3696,29.4585,30.2316,29.8676,29.5688,29.7655,29.8148,30.3217,29.4873,29.7533,29.9498,30.4462,30.0286,30.1391,29.8235,30.3341,29.9283,30.3819,30.1193,30.2908,30.1067,30.2379,29.9697,30.5029,30.1628,29.9765,30.0565,30.6087,29.7175,30.3277,30.0488,29.7444,30.3425,30.0057,29.7069,29.8959,29.1382,29.3686,29.6781,29.6704,29.8599,29.9567,30.0033,30.2023,30.0280,30.2894,30.2248,30.0927,30.2436,30.1963,30.3206,30.3733,30.2369,30.0590,30.1763,30.0756,29.7981,29.9417,30.2698,30.0174,30.0481,29.7536,30.0931,30.2119,30.1023,29.5475,30.1666,29.7634,28.9735,29.6729,29.9511,30.2428,29.5936,30.0673,29.9141,30.4069,29.9772,30.4396,30.1412,30.1253,30.0450,30.1596,29.8995,30.0397,30.1827,30.1718,29.8919,30.2646,30.0668,29.8974,29.9971,30.2290,30.0242,29.8771,29.8087,30.2569,29.8934,29.9080,29.6177,29.7678,29.1271,29.3519,30.1629,29.4752,29.8985,29.7820,30.0978,30.0782,29.8742,29.9952,29.9310,30.3112,30.4663,29.9110,30.3769,30.0450,30.2486,30.2041,30.2012,30.5919,30.3012,30.1077,30.3047,30.0424,30.0740,29.9162,30.3239,30.0428,29.9332,29.5143,30.4158,29.9789,
22:6:18:5:20:21:765,0.2000,146.0000,33.5000,A,28.1521,94.9867,27.8700,99700,136.1757,0,0.0000,0.0000,0.0000,0.0000,0.0000,0.0000,0,0.0000,0.0000,0.0000,0.0000,0.0000,0.0000,0,0,0,0,0,0,0,0.00,0.00,0.00,0,
22:6:18:5:20:21:885,0.3000,223.0000,33.0000,A,28.1609,95.0150,27.8700,99700,136.1757,0,0.0000,0.0000,0.0000,0.0000,0.0000,0.0000,0,0.0000,0.0000,0.0000,0.0000,0.0000,0.0000,0,0,0,0,0,0,0,0.00,0.00,0.00,0,
22:6:18:5:20:21:989,0.3000,223.0000,33.0000,A,28.1776,95.0175,27.8700,99699,136.2601,0,0.0000,0.0000,0.0000,0.0000,0.0000,0.0000,0,0.0000,0.0000,0.0000,0.0000,0.0000,0.0000,0,0,0,0,0,0,0,0.00,0.00,0.00,0,
22:6:18:5:20:22:105,0.3000,218.0000,32.9000,A,28.1780,95.0103,27.8700,99701,136.0914,0,0.0000,0.0000,0.0000,0.0000,0.0000,0.0000,0,0.0000,0.0000,0.0000,0.0000,0.0000,0.0000,0,0,0,0,0,0,0,0.00,0.00,0.00,0,
22:6:18:5:20:22:213,0.3000,218.0000,32.9000,A,28.1853,95.0098,27.8800,99701,136.0914,0,0.0000,0.0000,0.0000,0.0000,0.0000,0.0000,0,0.0000,0.0000,0.0000,0.0000,0.0000,0.0000,0,0,0,0,0,0,0,0.00,0.00,0.00,0,
22:6:18:5:20:22:329,0.3000,232.0000,32.8000,A,28.1776,95.0072,27.8800,99701,136.0914,0,0.0000,0.0000,0.0000,0.0000,0.0000,0.0000,0,0.0000,0.0000,0.0000,0.0000,0.0000,0.0000,0,0,0,0,0,0,0,0.00,0.00,0.00,0,
22:6:18:5:20:22:437,0.3000,232.0000,32.8000,A,28.1857,94.9997,27.8800,99700,136.1757,0,0.0000,0.0000,0.0000,0.0000,0.0000,0.0000,0,0.0000,0.0000,0.0000,0.0000,0.0000,0.0000,0,0,0,0,0,0,0,0.00,0.00,0.00,0,
22:6:18:5:20:22:553,0.1000,71.0000,32.7000,A,28.1849,95.0289,27.8800,99699,136.2601,0,0.0000,0.0000,0.0000,0.0000,0.0000,0.0000,0,0.0000,0.0000,0.0000,0.0000,0.0000,0.0000,0,0,0,0,0,0,0,0.00,0.00,0.00,0,
22:6:18:5:20:22:657,0.1000,71.0000,32.7000,A,28.1914,95.0036,27.8800,99702,136.0070,0,0.0000,0.0000,0.0000,0.0000,0.0000,0.0000,0,0.0000,0.0000,0.0000,0.0000,0.0000,0.0000,0,0,0,0,0,0,0,0.00,0.00,0.00,0,29.8433,29.2279,29.9002,29.8735,29.7499,29.9073,30.0580,30.2685,29.5789,30.3237,30.4881,30.1513,29.8821,30.0665,30.0170,30.6515,30.0192,28.9998,28.6152,28.5126,28.0500,28.3092,28.2695,28.5649,28.2791,28.3521,28.3010,28.6388,29.4781,29.3504,28.8627,29.6040,29.4075,29.5213,30.4858,29.8881,30.2135,29.9604,30.3766,29.8723,30.3778,29.9786,30.5748,29.9372,30.2704,29.9308,30.4792,30.2712,29.6962,29.3816,28.7420,28.3281,28.3102,28.0076,28.3998,28.1871,28.5414,28.0085,28.8773,28.8717,29.7241,29.3960,29.9567,29.3302,29.7383,29.8597,29.7874,29.7573,29.8642,29.9958,29.7556,30.3282,30.2028,30.2049,30.3286,30.5293,30.2713,30.1085,30.2889,30.5052,29.9233,29.8152,28.9320,28.6590,28.2462,28.2960,28.2723,28.3538,28.4530,28.3519,28.7103,29.0363,29.5916,29.4608,29.7180,29.9610,30.0157,29.6797,30.3460,30.3793,29.7174,30.0305,30.4396,30.1313,30.2429,30.2231,30.4260,30.0013,30.2919,30.1286,30.5465,29.9904,30.2946,30.0060,29.0428,28.4956,28.4861,28.0124,28.5691,28.1881,28.6818,28.0136,29.0215,29.0187,29.4189,29.2939,30.0633,29.9283,29.8374,29.7730,30.1233,29.8844,30.1563,29.7316,29.8634,30.6044,29.9291,30.1146,30.2417,30.6449,30.1852,30.3769,30.1952,30.7369,30.0198,30.5343,29.5516,29.4584,28.5677,28.2723,28.0909,28.3302,28.4386,27.9672,28.6835,28.9840,30.1056,29.8160,30.2911,30.2952,29.9060,29.6174,30.0600,30.0900,30.2122,29.9537,30.3236,30.2422,30.1501,29.8139,30.5057,30.3157,30.3918,30.0998,30.6196,30.4140,30.3873,29.9284,30.1639,29.4774,28.9649,28.3493,28.7267,28.3517,28.6699,28.5667,28.9757,28.9773,29.9529,29.6506,29.7587,29.4206,30.2074,29.8883,30.2221,30.2254,29.8979,30.1659,30.1537,30.6659,30.3695,30.0350,30.5104,30.5193,30.3127,29.9760,30.3013,30.3687,30.2702,30.1760,30.4725,30.7182,29.3600,29.0890,28.7707,28.6823,28.7685,28.6601,28.8379,30.0288,29.6298,30.1225,30.1988,30.2076,29.4684,29.7648,30.1814,30.0567,29.9538,29.8766,30.2983,30.1864,30.4188,29.9355,30.6380,30.7044,30.3701,30.3503,30.4152,30.3828,30.4912,30.3879,30.7414,30.4055,30.2217,29.4709,29.0560,28.6912,29.0006,28.7365,29.4906,29.6711,30.2545,29.9681,29.8966,29.9933,29.9537,30.0526,29.9804,30.3383,30.3442,30.1315,30.1201,30.4433,30.1789,30.5319,30.4595,30.5054,30.1193,30.2486,30.2720,30.6180,30.2264,30.2721,30.3170,30.6538,30.4506,30.4605,30.0554,30.3015,30.1088,30.0030,30.0602,30.7109,30.1730,30.0722,30.1373,30.5346,29.8354,29.7611,30.1307,30.1878,30.0988,30.0533,30.2581,30.3039,30.5719,30.1077,30.5979,30.5347,30.5033,30.0179,30.7084,30.4726,30.4507,30.3388,30.7515,30.5231,30.3575,30.2274,30.4895,30.1537,30.1767,29.7199,30.5326,30.1882,30.2275,29.9388,30.6602,30.1278,29.9112,30.0340,29.9634,30.6785,30.1546,30.1317,29.9338,30.6064,30.1615,30.1449,30.3096,30.3481,30.2423,30.4148,30.5649,31.0943,30.3648,30.4340,30.1248,30.8139,30.4373,30.6693,30.0593,30.4483,30.4084,30.3207,30.3673,30.4670,30.1331,30.0381,30.1247,30.3084,29.8282,29.9632,30.1600,30.1785,30.0864,30.0615,30.2410,30.1640,30.5681,30.3898,30.4485,30.3792,30.6384,30.0251,30.5302,30.4993,30.4335,30.1853,30.5537,30.3683,30.5033,30.0991,30.5034,30.3157,30.3201,30.2176,30.8214,30.4883,30.3833,29.9118,30.0678,29.7391,29.9757,30.0248,30.1760,30.3022,30.0342,30.4466,30.2853,30.4230,30.3429,30.4816,30.4922,30.6538,30.5640,30.2360,30.4079,30.7619,30.3787,30.5477,30.7499,30.9728,30.2924,30.3274,30.2137,30.3102,30.2545,30.3112,30.2193,30.1415,30.1123,30.1955,29.9250,30.6808,30.0911,29.5929,30.3597,30.0097,29.9742,30.3748,30.4505,30.4819,30.2824,29.9447,30.4781,30.5433,30.3584,30.4797,30.6880,30.5034,30.6043,30.4681,30.8761,30.5407,30.6870,30.3838,30.8225,30.3388,30.3205,30.0541,30.5466,30.1644,30.3884,29.9061,30.2729,29.9364,29.9920,30.2245,30.1967,30.6767,29.8809,30.2813,30.6243,30.7631,30.2298,30.3432,30.6463,30.5949,30.1288,30.4067,30.4201,30.7662,30.3996,30.5551,30.3175,30.8231,30.1578,30.3218,30.4133,30.8003,30.4543,30.3558,30.2514,30.6703,30.1542,30.0305,29.7413,30.3273,29.9458,29.8012,30.5770,30.2300,30.3506,30.2446,30.6409,30.1989,30.4948,29.9638,30.8092,30.2150,30.3882,30.0508,30.5785,30.5281,30.6713,30.3564,30.6167,30.5445,30.2545,30.4003,30.5824,30.1927,30.5486,30.2677,30.5849,30.2004,29.8967,29.7479,30.3197,30.3670,29.8189,30.0717,30.0794,30.5753,30.2742,30.1765,30.1943,30.6507,30.2435,30.5464,30.5644,30.5670,30.4543,30.1395,30.3171,30.6910,30.4721,30.4923,30.5212,30.7035,30.3514,30.5461,30.4582,30.6774,30.1581,30.2236,30.3168,30.5528,30.2208,30.0821,30.2038,30.3570,29.7928,29.6580,30.4697,30.6713,30.4275,29.9643,30.5505,30.2176,30.3751,30.1845,30.5899,30.4829,30.4418,30.4114,30.7815,30.5869,30.5736,30.2807,30.8310,30.2766,30.6195,30.3241,30.6337,30.3999,30.2340,29.9980,30.6515,30.4295,30.5044,29.8170,30.3837,30.0149,29.7447,30.1516,30.5501,30.6279,30.1876,30.2814,30.4375,30.5713,30.1628,30.5993,30.1297,30.9567,29.9248,30.4927,30.4257,30.7485,30.5297,30.5230,30.5846,30.9855,30.6050,30.2804,30.5386,30.6225,30.2360,30.2796,30.1824,30.8292,30.2963,29.7875,30.2882,30.2520,29.4981,29.9427,30.0192,30.1822,29.9983,29.8922,30.8291,30.3250,30.4702,30.3915,30.8123,30.3786,30.5427,29.9952,30.6045,30.4993,30.6489,30.4764,30.7587,30.3986,30.7308,30.2177,30.7265,30.1460,30.3323,30.3992,30.9156,30.5494,30.4307,29.7117,30.4953,30.1391,29.8447,30.0323,30.2734,30.5772,29.9119,29.8130,30.1882,31.0293,30.0901,30.3668,30.5510,30.7268,30.3092,30.6016,30.3440,30.8371,30.3317,30.6193,30.6922,30.8911,30.5569,30.5314,30.6315,31.0076,30.2984,30.5656,30.2965,30.5543,30.2125,29.8679,29.9823,30.6082,29.4166,29.4305,30.1388,30.1278,30.2842,30.0185,30.5954,30.6151,30.2580,30.3505,30.7847,30.4878,30.6250,30.5780,30.8706,30.4342,30.4616,30.4434,30.7294,30.6294,30.5268,30.3346,30.6732,30.7702,30.4557,30.1740,31.0860,30.4620,30.1636,30.0057,30.6540,30.0449,29.7081,29.9528,30.0138,30.7110,30.2425,29.9340,30.3522,30.8333,30.3937,30.4994,30.5548,31.0606,30.6147,30.3870,29.9611,30.7667,30.5820,30.7329,30.4645,30.6653,30.1286,30.4746,30.5986,30.8319,30.2678,30.4931,30.0652,30.9041,30.1581,30.1749,30.1246,30.5080,29.6423,29.6363,30.4372,29.7455,30.1568,30.2317,30.7247,30.6920,30.2915,30.2342,30.8753,30.5487,30.5276,30.6482,30.7797,30.6095,30.4788,30.2656,30.6038,30.6534,30.5343,30.3418,30.9041,30.6489,30.5018,30.3508,30.7753,30.6978,30.6047,29.7853,30.4779,29.8140,
22:6:18:5:20:22:840,0.0000,65.0000,32.8000,A,28.1588,94.9996,27.8700,99697,136.4288,0,0.0000,0.0000,0.0000,0.0000,0.0000,0.0000,0,0.0000,0.0000,0.0000,0.0000,0.0000,0.0000,0,0,0,0,0,0,0,0.00,0.00,0.00,0,
22:6:18:5:20:22:944,0.0000,65.0000,32.8000,A,28.1740,94.9894,27.8700,99700,136.1757,0,0.0000,0.0000,0.0000,0.0000,0.0000,0.0000,0,0.0000,0.0000,0.0000,0.0000,0.0000,0.0000,0,0,0,0,0,0,0,0.00,0.00,0.00,0,
22:6:18:5:20:23:64,0.2000,339.0000,32.9000,A,28.1736,94.9959,27.8800,99699,136.2601,0,0.0000,0.0000,0.0000,0.0000,0.0000,0.0000,0,0.0000,0.0000,0.0000,0.0000,0.0000,0.0000,0,0,0,0,0,0,0,0.00,0.00,0.00,0,
22:6:18:5:20:23:168,0.2000,339.0000,32.9000,A,28.1839,95.0071,27.8800,99702,136.0070,0,0.0000,0.0000,0.0000,0.0000,0.0000,0.0000,0,0.0000,0.0000,0.0000,0.0000,0.0000,0.0000,0,0,0,0,0,0,0,0.00,0.00,0.00,0,
22:6:18:5:20:23:284,0.0000,260.0000,32.9000,A,28.1853,95.0104,27.8800,99701,136.0914,0,0.0000,0.0000,0.0000,0.0000,0.0000,0.0000,0,0.0000,0.0000,0.0000,0.0000,0.0000,0.0000,0,0,0,0,0,0,0,0.00,0.00,0.00,0,
22:6:18:5:20:23:392,0.0000,260.0000,32.9000,A,28.1900,95.0235,27.8800,99702,136.0070,0,0.0000,0.0000,0.0000,0.0000,0.0000,0.0000,0,0.0000,0.0000,0.0000,0.0000,0.0000,0.0000,0,0,0,0,0,0,0,0.00,0.00,0.00,0,
22:6:18:5:20:23:508,0.0000,165.0000,32.9000,A,28.1883,95.0045,27.8800,99698,136.3445,0,0.0000,0.0000,0.0000,0.0000,0.0000,0.0000,0,0.0000,0.0000,0.0000,0.0000,0.0000,0.0000,0,0,0,0,0,0,0,0.00,0.00,0.00,0,
22:6:18:5:20:23:616,0.0000,165.0000,32.9000,A,28.1935,95.0135,27.8800,99701,136.0914,0,0.0000,0.0000,0.0000,0.0000,0.0000,0.0000,0,0.0000,0.0000,0.0000,0.0000,0.0000,0.0000,0,0,0,0,0,0,0,0.00,0.00,0.00,0,29.8881,30.0938,30.6309,30.4712,30.4156,30.4687,29.9019,30.6115,30.3812,30.6567,30.7173,31.2142,30.6460,30.5722,30.5920,30.6188,30.4168,29.6862,29.0294,29.0312,28.8424,28.8301,28.3134,29.1056,29.1165,28.9131,28.9880,29.2240,30.1861,30.1799,29.8766,29.9999,29.7993,29.7972,30.1864,30.3752,30.5633,30.2071,30.9123,30.4985,30.7096,30.3895,30.7204,30.5219,30.7694,30.6802,30.7985,30.4907,30.3660,29.6005,29.2525,28.9151,28.8251,28.5989,28.9235,28.8105,29.0797,28.4558,29.4449,29.1297,30.0902,30.1062,30.1053,30.3346,30.2457,30.4543,30.0466,30.5292,30.4966,30.1420,30.5565,30.4743,30.5997,30.8784,30.7189,30.5039,30.4822,30.5910,30.5018,30.9872,30.8104,30.3005,29.1474,29.1528,28.8111,28.4446,28.8588,28.5021,29.0531,28.6936,28.9531,29.3878,30.0483,30.2264,29.9880,30.5662,30.3913,30.1630,30.2826,30.0130,30.6366,30.0739,30.4000,30.5377,30.5637,30.0927,30.7420,30.8893,30.7671,30.6666,31.1892,30.3651,30.4416,30.5479,29.1896,28.8818,28.8057,28.7448,29.0726,28.4101,29.1945,28.4361,29.3653,29.2618,30.3830,29.7446,30.6526,29.9732,30.3171,30.3423,30.1672,30.4281,30.3897,30.6169,30.4429,30.7501,30.4837,30.9361,30.4511,30.7904,31.0371,30.6857,30.5633,30.7202,30.7128,30.8409,29.9235,29.4398,28.9461,28.4207,28.4794,29.0041,29.0116,28.8344,29.1072,29.5071,30.1499,30.5636,29.9061,30.4447,30.2685,30.0757,30.2065,30.5243,30.5457,30.3599,30.6440,30.8115,30.8001,30.5277,30.9778,30.6920,30.8576,30.6256,30.9248,30.6179,30.8548,30.6092,30.4727,29.8484,29.1132,28.5598,28.8746,28.7428,28.9931,28.7870,29.1238,29.3898,30.4836,30.0873,30.3309,30.3196,30.6680,30.4403,30.4599,30.7572,30.6601,30.4865,30.7170,30.6410,30.5752,30.3439,30.8763,30.6649,30.9877,30.5928,30.6608,30.6743,30.4706,30.6399,30.3573,31.0232,29.8789,29.5604,29.1528,29.3410,28.9803,28.6346,29.2389,29.6347,30.4202,30.4609,30.6504,30.3569,30.4454,30.0094,30.5195,30.2910,30.4559,30.2647,30.6163,30.9051,30.4047,30.4592,30.7840,30.7477,30.9868,31.0130,30.7177,30.5845,30.7934,30.5885,30.8873,30.7655,30.6827,29.9948,29.3710,29.4082,29.1499,29.1244,29.8142,30.2553,30.7717,30.5733,30.6466,30.2436,29.9980,30.5960,30.4011,30.4844,30.5587,30.4492,30.5014,30.7546,30.3821,30.5151,30.6608,30.8090,30.7846,30.3947,30.7831,31.0708,30.7273,30.7266,30.8353,30.7993,30.4942,30.6067,30.5825,30.4485,30.3189,30.3169,30.6299,30.5032,30.5818,30.5921,30.7785,30.6835,30.1845,30.3953,30.2771,30.2314,30.5878,30.4375,30.9047,30.5113,30.8764,30.4741,30.9007,30.5781,30.8043,30.3666,30.8544,30.6684,30.5975,30.8401,31.0542,30.7212,30.9682,30.8875,30.7949,30.6795,30.8191,30.5869,30.8529,30.5855,30.7366,30.5353,30.6112,30.5669,30.1544,30.9648,30.3806,30.4614,30.5401,30.6218,30.1442,30.5859,30.8423,30.6063,30.8251,30.8091,30.7466,30.8680,30.7606,31.3936,30.7098,30.7339,30.6323,30.9601,30.9437,30.8161,30.9091,30.9174,30.7776,30.9589,30.2414,30.9556,30.5339,30.7285,30.5607,30.4573,30.5698,30.2034,31.0462,30.5859,30.5733,30.4471,30.7172,30.7032,30.5569,30.5896,30.5948,30.5792,31.0902,30.5277,30.9783,30.5427,30.8803,30.5335,31.0056,30.7212,30.9580,30.6139,31.1290,30.6817,30.7930,30.7509,30.7999,30.3618,30.7084,30.4951,30.9890,30.5683,30.4193,30.5625,30.5895,30.4484,30.5995,30.7603,30.6613,30.8956,30.7032,30.6276,30.6934,30.9556,30.7593,30.6854,30.7544,30.9072,30.8741,30.8440,30.6398,31.1189,30.7984,30.7832,30.7355,30.7806,30.6241,30.7836,30.7773,30.8064,30.5078,30.6981,30.5479,30.8294,30.8344,30.4153,30.6907,30.4153,30.6418,30.5846,30.9275,30.6884,30.5881,30.6206,30.9376,30.8992,30.9607,30.6741,30.8341,30.8524,30.9008,30.5116,31.0220,30.5842,30.6806,30.5807,30.9687,30.8657,30.7909,30.7459,31.2054,30.5522,30.8878,30.4802,30.6131,30.1764,30.2361,30.7550,30.4249,30.6417,30.7812,30.7612,30.6681,30.5810,30.5945,30.8054,30.8456,30.8920,30.7793,30.8561,30.6150,31.0641,30.7462,30.5504,30.8253,31.2763,30.8219,30.9275,30.6186,31.2677,31.1529,30.5035,30.6405,30.6459,30.5520,30.5361,30.1760,30.8698,30.2954,30.2290,30.9073,30.6358,31.0100,30.6215,30.7877,30.7351,30.9617,30.7957,31.2659,30.7170,30.9898,30.5509,31.0267,30.7243,30.8192,30.5506,31.0705,30.8942,30.8662,30.7487,31.0520,30.8811,31.0237,30.6433,30.9042,30.5885,30.5766,30.1486,30.6623,30.4117,30.2681,30.4163,30.4979,30.5372,30.6670,30.8349,30.5743,31.1250,30.6081,30.8532,30.7684,31.0306,30.6510,30.9002,30.8204,30.9929,30.9802,30.6393,30.5649,31.0050,30.8619,30.6934,30.8273,30.8243,30.6940,30.7072,30.5366,30.8754,30.6257,30.4143,30.2484,30.7041,30.3485,30.4895,30.8036,30.5301,30.5764,30.3491,30.6977,30.5880,31.0030,30.7102,30.7367,31.1607,30.7443,30.4550,30.7760,30.7854,31.0309,30.9453,30.9774,30.6306,30.9232,30.8381,30.7815,30.6066,31.0337,30.3769,30.9742,30.8233,31.0140,30.4119,30.9253,30.4566,30.2102,30.6990,30.5947,30.7752,30.9392,30.7834,30.8240,30.8871,30.6966,30.7464,30.8187,30.7806,30.7573,30.9475,30.6295,31.3668,31.0429,30.9808,30.7876,30.9707,30.8099,30.9064,30.7496,30.9384,30.7859,30.4279,30.5818,30.7958,30.5272,30.5090,30.7387,31.2273,30.2835,30.3872,30.1681,30.7864,30.5043,30.4698,30.9775,30.7081,30.7812,30.5960,31.1201,30.5843,31.0068,30.8151,31.0697,30.8588,31.1082,30.6752,31.0642,31.0897,30.7191,30.7388,30.8746,30.6928,30.9856,30.6136,31.0640,30.5940,30.9535,30.7093,31.0485,30.8088,30.3145,30.3876,30.9102,31.1157,30.4982,30.6926,30.9369,30.8277,30.8060,30.5145,30.7611,31.2058,30.9898,30.9088,30.8771,31.1456,31.0274,30.7668,30.9010,31.0381,30.7672,30.6792,31.0168,31.1549,30.8597,30.8916,30.5266,30.8892,30.8329,30.6099,30.6639,30.9756,30.0004,30.3100,30.4873,30.5669,30.6155,30.7969,30.9198,31.1847,30.7444,30.7302,30.6010,30.6985,31.0931,30.7820,31.1804,31.1265,30.9370,30.9704,30.8777,30.6734,30.6764,30.7096,30.8218,30.9866,30.7783,30.9322,30.8634,30.8827,31.0858,30.6424,31.2281,30.7436,30.4211,30.5404,30.6904,30.8592,30.8710,30.8527,30.7717,31.3461,30.9681,30.9980,30.7749,31.0333,30.9965,30.7022,30.8594,30.9139,30.7948,30.8806,31.1866,30.9829,30.5164,30.7946,30.8224,30.9796,31.0364,30.8266,30.8834,31.0526,30.8075,30.3251,31.2726,31.1101,30.0222,30.1238,30.5892,30.4112,30.3087,30.4701,30.8752,30.9204,30.7966,30.6317,31.0249,30.7688,30.8482,30.8612,31.2693,30.9880,30.7971,30.6438,31.0934,30.8685,30.8562,30.7304,31.4107,31.0553,31.0169,30.3957,31.1200,30.5458,30.7564,30.2464,31.0729,30.7732,
22:6:18:5:20:23:796,0.1000,65.0000,32.9000,A,28.1555,95.0141,27.8700,99702,136.0070,0,0.0000,0.0000,0.0000,0.0000,0.0000,0.0000,0,0.0000,0.0000,0.0000,0.0000,0.0000,0.0000,0,0,0,0,0,0,0,0.00,0.00,0.00,0,
22:6:18:5:20:23:900,0.1000,65.0000,32.9000,A,28.1754,95.0064,27.8800,99701,136.0914,0,0.0000,0.0000,0.0000,0.0000,0.0000,0.0000,0,0.0000,0.0000,0.0000,0.0000,0.0000,0.0000,0,0,0,0,0,0,0,0.00,0.00,0.00,0,
22:6:18:5:20:24:20,0.4000,126.0000,32.9000,A,28.1771,95.0049,27.8700,99702,136.0070,0,0.0000,0.0000,0.0000,0.0000,0.0000,0.0000,0,0.0000,0.0000,0.0000,0.0000,0.0000,0.0000,0,0,0,0,0,0,0,0.00,0.00,0.00,0,
22:6:18:5:20:24:124,0.4000,126.0000,32.9000,A,28.1879,95.0045,27.8800,99700,136.1757,0,0.0000,0.0000,0.0000,0.0000,0.0000,0.0000,0,0.0000,0.0000,0.0000,0.0000,0.0000,0.0000,0,0,0,0,0,0,0,0.00,0.00,0.00,0,
22:6:18:5:20:24:244,0.1000,52.0000,32.9000,A,28.1815,95.0102,27.8800,99699,136.2601,0,0.0000,0.0000,0.0000,0.0000,0.0000,0.0000,0,0.0000,0.0000,0.0000,0.0000,0.0000,0.0000,0,0,0,0,0,0,0,0.00,0.00,0.00,0,
22:6:18:5:20:24:348,0.1000,52.0000,32.9000,A,28.1918,95.0328,27.8800,99703,135.9227,0,0.0000,0.0000,0.0000,0.0000,0.0000,0.0000,0,0.0000,0.0000,0.0000,0.0000,0.0000,0.0000,0,0,0,0,0,0,0,0.00,0.00,0.00,0,
22:6:18:5:20:24:464,0.3000,163.0000,32.8000,A,28.1893,95.0084,27.8800,99699,136.2601,0,0.0000,0.0000,0.0000,0.0000,0.0000,0.0000,0,0.0000,0.0000,0.0000,0.0000,0.0000,0.0000,0,0,0,0,0,0,0,0.00,0.00,0.00,0,
22:6:18:5:20:24:572,0.3000,163.0000,32.8000,A,28.1935,95.0132,27.8800,99700,136.1757,0,0.0000,0.0000,0.0000,0.0000,0.0000,0.0000,0,0.0000,0.0000,0.0000,0.0000,0.0000,0.0000,0,0,0,0,0,0,0,0.00,0.00,0.00,0,
22:6:18:5:20:24:688,0.2000,234.0000,32.9000,A,28.1921,95.0091,27.8800,99699,136.2601,0,0.0000,0.0000,0.0000,0.0000,0.0000,0.0000,0,0.0000,0.0000,0.0000,0.0000,0.0000,0.0000,0,0,0,0,0,0,0,0.00,0.00,0.00,0,30.5360,30.6148,30.0951,30.2904,30.9772,30.5131,30.6491,30.6557,31.2824,30.5138,31.0504,31.0758,31.1525,30.6164,30.9158,30.6632,30.3888,29.7309,29.3641,28.7060,29.1794,29.2461,28.8499,29.1511,29.0704,28.9589,29.1397,29.4875,30.5580,30.0000,30.2703,30.2916,30.3285,30.4119,30.4553,30.7471,30.4066,30.5604,30.7626,30.8418,30.7542,30.5395,30.7650,30.8511,30.9894,31.0060,31.0162,31.1666,30.5840,29.7514,28.9354,29.2473,28.8703,28.9342,29.1563,29.1565,29.1253,29.2120,29.0723,29.4976,30.3528,30.4818,30.3874,30.2526,30.6278,30.0528,31.0519,30.3656,30.8415,30.5743,31.0805,30.7031,31.0996,31.0975,31.2114,30.7192,30.9641,30.8028,30.9878,31.0313,30.6218,30.5134,29.4684,29.0248,29.1348,29.0133,29.0100,28.3669,29.2041,28.9308,29.6980,29.6356,30.6100,30.4769,30.3648,30.1584,29.9828,30.5335,30.5378,30.5734,30.4892,30.4147,30.8152,31.2288,30.6081,30.9349,30.9564,31.3737,30.8113,30.6510,30.9029,31.0096,30.9844,30.6980,29.5729,29.5454,29.0212,28.8977,28.9405,29.0959,28.8754,29.1550,29.4110,29.6142,30.0215,30.5049,30.4783,30.8000,30.6847,30.3874,30.7236,30.4726,31.1050,30.6611,31.1238,31.1497,30.8014,30.6430,30.7645,31.0020,31.0233,30.8920,31.1955,30.7642,31.0224,30.7244,30.2356,29.6496,29.2631,28.9703,28.9738,28.8743,29.3384,29.0584,29.4478,29.3661,30.8817,30.0114,30.7009,30.7064,30.3141,30.6403,30.4549,30.8692,30.4051,30.6905,30.8629,30.9604,30.5090,31.0101,31.0220,31.1730,30.7425,31.0952,30.9691,30.9275,30.7387,31.0758,30.6792,30.4879,29.3235,29.2112,29.0894,29.0688,29.0383,28.9405,28.9833,30.0930,29.9560,30.6315,30.5881,30.6871,30.8184,30.4849,30.8022,30.6090,30.6300,30.7043,30.8646,30.8553,31.0466,30.8739,31.1841,30.8677,30.9778,30.7929,31.2801,30.8777,31.2435,30.8421,30.9793,31.2262,30.1855,29.4432,29.3031,29.2164,29.2988,29.0271,30.0996,30.0417,30.7558,30.3170,30.5987,30.6109,30.6970,30.5611,30.5648,30.8220,30.5006,30.7577,30.8321,30.8863,30.7699,31.2454,31.3069,31.2129,31.0310,31.1620,31.0741,30.8920,31.1475,30.8950,30.6185,31.0728,30.5704,30.3051,29.4160,29.5601,29.3611,29.2774,29.8595,30.7656,30.6326,30.5395,30.2913,31.2159,30.7551,30.4425,30.9251,30.5287,31.0478,30.6641,31.1537,31.1288,30.8487,30.8841,31.1230,31.0107,31.0869,30.8971,31.0855,31.4209,31.0267,30.6164,31.1406,31.1540,31.1076,30.6508,30.7310,30.8152,30.9648,30.5272,30.9535,30.9030,30.5505,30.4521,30.7303,30.5304,30.0295,30.7430,30.8792,30.9294,30.6327,31.0964,30.6164,30.9880,30.9207,30.9457,30.7884,31.1982,31.0022,31.1237,30.7452,30.9697,30.9438,30.9895,31.0985,31.6398,30.8582,31.0372,30.8394,31.1497,30.8638,30.7378,30.7243,31.2644,31.1413,30.8711,30.8529,30.7210,30.7015,30.6180,30.9013,30.8695,31.1987,30.8371,30.9571,30.9614,31.1484,30.9643,30.9723,31.0101,31.1999,30.9117,31.2120,31.1286,30.8578,31.0835,30.9344,30.8494,31.2454,30.8603,30.8966,30.9616,30.9264,30.8403,30.8993,30.6595,31.0389,30.7738,30.9064,30.7004,30.6155,30.5514,30.7229,30.9178,30.7872,31.1080,30.9262,30.8531,30.9175,30.8953,31.1077,31.1968,31.1344,30.8299,31.3236,31.1533,30.7746,31.2897,31.0500,31.0251,31.0022,30.9205,31.1734,30.9926,30.8377,30.9018,30.8448,31.0235,30.7536,30.2890,30.6493,30.9177,30.9680,30.4118,30.9232,30.6743,31.0943,30.9716,31.1408,30.9396,31.0092,31.1450,31.1558,30.9995,31.0585,30.8804,31.2042,30.9511,31.1716,31.0374,31.0947,30.8548,31.2533,30.6733,31.0426,30.8252,30.9356,30.8282,31.2674,30.8514,31.0076,30.7434,30.8912,30.6813,30.4850,30.7612,30.5527,30.9268,30.3412,30.7352,30.9724,31.0010,30.7907,31.0851,31.1383,31.3599,31.0052,31.1248,31.0288,31.1543,30.9451,31.1085,31.0664,31.5028,30.8787,31.1893,30.8552,31.3366,30.9965,30.8970,31.2506,31.0463,30.9331,30.6330,30.6591,30.9148,30.9836,30.7997,31.1247,30.6861,31.1007,30.6387,31.1453,30.4610,31.0631,31.0067,31.1491,31.0872,31.0785,30.7484,31.2156,31.1079,31.0450,30.8954,31.4351,31.3204,31.1244,30.9717,31.2499,30.9915,31.1387,30.8794,31.3051,31.0342,31.0543,30.7593,31.1026,30.7195,30.7396,30.7639,30.5872,31.1477,30.5446,30.9385,30.9970,31.2123,30.6874,31.1027,31.1556,31.3230,30.7322,30.8527,31.2219,31.1786,31.0149,31.1509,30.9616,31.0442,31.2189,31.0511,31.0970,31.0317,30.9055,30.7947,31.2913,30.9128,30.7984,30.8337,30.7085,31.1545,30.6219,30.4610,31.0217,30.9519,30.8167,30.8791,30.8913,31.0057,31.2357,30.7375,31.0764,31.2329,31.2566,31.0970,31.2734,31.3473,31.1287,30.9941,30.8703,30.8946,31.3205,30.8947,31.1384,30.7063,31.0071,30.7521,31.0367,30.7457,31.1359,30.6427,31.1864,30.9478,30.1929,30.6427,30.8496,31.2363,31.3165,30.8403,30.9102,31.2265,31.3666,30.7008,30.7817,31.6263,30.7894,30.7598,30.9729,31.0904,30.7658,30.9409,31.0223,31.3985,31.1232,30.9890,30.8268,31.2444,30.7535,30.8634,31.0199,30.9757,30.8796,30.7483,30.7757,30.6121,30.5733,30.5450,31.3205,31.1919,30.7369,30.8281,31.3146,30.9317,31.1710,30.6289,31.4485,31.1475,31.0632,30.8381,30.9382,31.0971,31.3472,30.8700,31.2537,31.1767,31.1194,31.1099,31.0656,31.1510,31.1040,30.9830,30.7324,30.6600,30.8643,30.9343,31.0926,30.6554,30.5412,31.1381,30.7947,31.1250,30.5506,31.1525,30.8531,31.5340,30.9887,31.0678,30.8437,31.2192,30.8943,31.1204,31.2735,31.3241,31.1531,30.9811,31.2677,31.4016,30.7645,30.8903,31.0863,31.0115,30.8630,30.9367,30.7560,30.7483,30.8132,31.0527,31.0953,31.1729,30.4697,30.2269,31.2586,31.1609,31.1881,30.9195,31.0873,31.0469,30.9562,30.8943,30.9109,30.9184,31.2976,31.1129,31.1890,31.5128,31.0148,31.1320,31.2147,30.9188,31.2483,30.8885,31.3366,31.1999,31.1813,30.7593,31.2320,30.9348,31.3663,30.8526,31.0277,30.8068,30.2634,30.4656,30.7331,30.9175,30.8428,30.9512,30.6129,31.3368,30.7904,31.2166,31.1449,31.3484,30.9791,31.2528,31.2258,31.4392,30.8191,31.2833,31.0870,31.4784,30.8884,31.1915,31.0386,31.1391,30.9966,31.0864,31.2813,31.2239,30.7472,31.1899,30.8516,31.1186,30.5759,30.8046,30.8438,30.9048,31.0230,31.0895,30.7364,31.3912,31.1188,31.2178,30.9257,31.2527,31.1465,30.7471,31.0098,30.9589,31.1127,30.9255,31.3365,31.0280,31.1799,30.8397,31.6867,31.3853,31.0069,31.0564,31.2279,31.4880,30.9605,30.9885,31.4251,31.1577,30.0718,30.2824,30.6381,31.1852,30.5524,30.8198,30.9229,31.6234,30.4893,30.9632,30.8961,31.4472,31.2350,31.0161,31.1460,31.1415,31.1797,31.1299,31.1401,31.3622,30.9029,31.0560,30.9218,31.7499,30.8815,31.1075,31.1676,31.4884,30.8041,31.0242,31.1214,31.3875,
22:6:18:5:20:24:857,0.2000,234.0000,32.9000,A,28.1654,94.9810,27.8700,99700,136.1757,0,0.0000,0.0000,0.0000,0.0000,0.0000,0.0000,0,0.0000,0.0000,0.0000,0.0000,0.0000,0.0000,0,0,0,0,0,0,0,0.00,0.00,0.00,0,
22:6:18:5:20:24:974,0.1000,175.0000,32.9000,A,28.1767,95.0064,27.8800,99702,136.0070,0,0.0000,0.0000,0.0000,0.0000,0.0000,0.0000,0,0.0000,0.0000,0.0000,0.0000,0.0000,0.0000,0,0,0,0,0,0,0,0.00,0.00,0.00,0,
22:6:18:5:20:25:78,0.1000,175.0000,32.9000,A,28.1887,95.0148,27.8800,99699,136.2601,0,0.0000,0.0000,0.0000,0.0000,0.0000,0.0000,0,0.0000,0.0000,0.0000,0.0000,0.0000,0.0000,0,0,0,0,0,0,0,0.00,0.00,0.00,0,
22:6:18:5:20:25:198,0.1000,226.0000,32.9000,A,28.1845,95.0028,27.8800,99700,136.1757,0,0.0000,0.0000,0.0000,0.0000,0.0000,0.0000,0,0.0000,0.0000,0.0000,0.0000,0.0000,0.0000,0,0,0,0,0,0,0,0.00,0.00,0.00,0,
22:6:18:5:20:25:302,0.1000,226.0000,32.9000,A,28.1918,94.9991,27.8900,99701,136.0914,0,0.0000,0.0000,0.0000,0.0000,0.0000,0.0000,0,0.0000,0.0000,0.0000,0.0000,0.0000,0.0000,0,0,0,0,0,0,0,0.00,0.00,0.00,0,
22:6:18:5:20:25:422,0.2000,274.0000,33.0000,A,28.1914,95.0072,27.8800,99702,136.0070,0,0.0000,0.0000,0.0000,0.0000,0.0000,0.0000,0,0.0000,0.0000,0.0000,0.0000,0.0000,0.0000,0,0,0,0,0,0,0,0.00,0.00,0.00,0,
22:6:18:5:20:25:526,0.2000,274.0000,33.0000,A,28.1986,95.0183,27.8900,99701,136.0914,0,0.0000,0.0000,0.0000,0.0000,0.0000,0.0000,0,0.0000,0.0000,0.0000,0.0000,0.0000,0.0000,0,0,0,0,0,0,0,0.00,0.00,0.00,0,
22:6:18:5:20:25:642,0.3000,19.0000,33.0000,A,28.1952,95.0006,27.8900,99702,136.0070,0,0.0000,0.0000,0.0000,0.0000,0.0000,0.0000,0,0.0000,0.0000,0.0000,0.0000,0.0000,0.0000,0,0,0,0,0,0,0,0.00,0.00,0.00,0,30.5621,30.6390,30.8065,30.5399,31.0028,30.5374,30.6748,30.8769,30.9323,31.0980,31.0760,31.1000,30.8203,30.6409,30.9412,31.0442,30.7674,30.1128,29.3897,29.4698,28.8326,29.2706,29.2592,28.7833,29.2938,28.9833,29.1655,29.5116,30.3641,30.2504,30.2963,30.8023,30.5936,30.2067,30.9242,30.7726,30.8345,30.9897,31.1753,30.8673,30.9631,30.7480,30.9703,30.6969,30.8384,30.6802,31.2134,30.8420,30.6086,30.1266,29.3222,29.2728,29.0774,28.7783,29.1805,29.1823,29.5371,29.2378,29.0966,29.9480,30.5937,30.2871,30.6465,30.5174,30.6538,30.5237,30.6508,30.8055,30.8673,30.7921,30.7296,30.9114,30.7733,31.1220,31.0642,30.7436,30.9897,30.8271,30.8447,30.8877,30.9837,30.7061,29.6651,29.2220,28.9875,29.2118,29.0357,28.9323,29.0450,29.1463,29.1311,29.8612,30.4310,30.5012,30.3908,30.6373,30.6879,30.5591,31.1888,31.0067,30.5137,30.6303,31.0241,30.8934,30.9797,30.6147,30.8105,30.8951,30.9998,31.0051,31.2579,31.3634,31.1747,30.8890,30.1029,29.5710,29.0459,29.0946,28.7873,29.1216,29.0822,28.9929,29.4353,29.6400,30.2496,30.1272,30.5025,30.8260,30.4938,30.8310,30.7493,30.6947,31.1307,30.8693,30.7946,31.1740,30.8269,31.1725,30.7900,31.0263,31.2099,31.2406,31.0596,31.2740,31.0480,31.0697,30.2611,30.0037,29.4553,28.9949,28.6564,29.0735,29.0128,29.0829,29.4737,29.5773,30.5207,30.2355,30.7268,30.7306,30.9783,30.6660,30.8842,30.7000,30.9851,30.7159,30.8871,31.1604,30.8688,30.8689,31.2092,31.3638,31.2442,30.9608,30.9935,31.2725,31.0835,31.1013,30.8655,30.5135,29.3483,28.9048,28.7747,29.4397,29.5840,28.9662,29.5651,29.9358,30.7441,30.4622,30.8232,30.9249,30.8442,30.5094,31.0209,31.0179,30.6557,30.7288,31.0626,30.8797,30.9107,31.0600,31.0488,31.0508,31.3178,30.9736,31.1484,30.9021,31.2690,31.1827,31.1624,31.2505,30.3687,29.7910,29.3288,29.2409,29.4918,29.3978,29.9484,30.2464,30.2240,30.9088,30.8278,30.8422,30.9270,30.7863,30.7794,31.0371,30.7020,30.6117,31.1977,31.2480,30.9546,30.9532,30.8529,31.0806,31.0557,31.3415,31.0985,31.0752,31.1723,31.2334,31.1122,31.2558,30.9083,30.4899,29.7742,29.7532,29.5517,29.8164,30.0594,30.6123,30.8415,30.7517,30.9163,30.4244,30.9821,30.8625,30.9507,30.9231,31.0735,30.8593,31.0116,30.9881,31.0330,30.9087,30.9911,31.1926,30.9577,30.9217,31.1109,31.2922,31.2039,30.9487,31.3236,31.0231,30.9786,30.6753,31.2373,31.1608,30.8252,30.5519,30.8047,30.9274,30.9398,30.8470,30.7561,30.7539,30.2546,30.5729,30.7179,31.1367,30.9971,30.9527,30.8074,30.8502,31.2605,30.8105,30.9695,31.0671,31.0269,30.8460,31.3824,31.2986,31.2697,31.1671,31.1229,31.2046,31.1911,31.0628,31.3394,31.1752,31.0528,31.0906,30.9221,30.7627,31.1659,30.7136,30.8771,30.7469,30.7275,31.0335,30.7411,31.2563,31.0546,30.8616,30.8171,30.8201,31.0154,30.8319,30.9978,31.0346,30.7664,31.2426,31.2375,31.3074,31.1836,31.2606,31.2673,31.3377,30.9636,31.0419,30.9222,31.1469,30.9521,31.0281,30.9250,30.6838,30.8873,30.7983,30.9322,31.1173,30.6401,30.3814,30.9316,30.9434,31.1490,30.9637,30.7862,31.0431,30.9422,30.9209,30.9762,31.2223,31.0068,31.0076,31.3479,31.3320,31.2481,31.1639,31.2269,31.2046,31.0269,31.1023,31.1978,31.1786,31.0244,30.9275,31.2047,31.0492,31.1309,30.6735,31.0592,31.1383,30.7957,30.8262,31.1327,30.8798,30.7741,31.1631,31.0011,30.9639,31.1924,31.1696,31.0244,31.1799,31.2352,31.0560,31.2298,31.4336,31.0471,30.9127,30.9671,31.0335,30.9720,31.0061,31.3849,31.1720,30.7990,31.0148,30.7813,30.8758,31.0334,31.1205,30.5332,31.0936,30.3115,30.7870,30.9437,30.9524,31.0561,30.7608,31.3258,31.0266,30.8154,31.1106,31.1626,31.2299,31.3320,31.0000,31.2032,31.3319,31.1191,30.8363,31.0908,31.2216,31.0567,30.9096,31.0376,31.3622,31.1819,31.0838,31.4448,31.4133,31.1327,31.0102,30.6835,31.3279,31.0095,30.8243,30.7845,31.2520,30.9562,30.9960,31.0069,30.9769,30.9292,31.3451,31.1747,31.1115,30.9531,31.0758,31.0906,30.9799,31.0706,30.9200,30.9991,31.3449,30.8410,31.1487,30.9541,31.4965,31.0011,31.2340,31.1595,31.2297,30.7282,30.6060,30.7415,31.1363,30.1671,30.7897,30.9772,31.1733,31.2496,30.7981,31.0213,31.2379,31.1902,30.6572,31.1799,31.1967,30.9081,30.8782,31.2462,31.5074,31.3413,31.1765,31.1395,31.3746,30.9355,31.0767,31.1215,31.2177,31.0935,31.1507,30.9741,31.1097,30.8230,30.6826,31.1190,31.1804,30.8490,31.0751,31.0477,30.9763,31.0161,31.0736,31.0841,31.1937,31.1020,31.0816,31.1020,31.2574,31.2822,31.4268,30.9939,31.5264,31.0000,31.3283,30.8960,31.0738,31.0367,31.3883,31.0020,31.0560,31.1959,30.7767,30.8878,30.9450,30.6234,31.0319,30.8201,31.1690,30.8232,30.6685,31.0592,31.2620,30.8208,30.8660,30.9345,31.0899,31.2320,30.8867,30.9665,31.4943,31.1215,30.7854,30.9972,31.2701,30.9454,30.9665,31.2021,31.2701,30.9930,31.3267,31.1762,31.2700,30.9409,30.7229,31.0443,31.0015,30.7238,30.9565,30.9960,31.0329,30.5996,31.1659,31.1553,31.2162,31.2913,30.8527,30.8288,31.2928,31.0344,31.1385,31.1540,31.3328,31.2455,31.3231,31.1231,31.2786,31.3728,31.2046,30.9624,31.3622,31.1451,30.9756,31.2576,31.1755,30.9621,31.0076,31.1117,31.2273,30.8903,30.7692,30.9166,31.0922,30.7756,30.5675,31.0114,31.1508,31.1068,30.8250,31.5574,31.2231,31.3365,31.0934,31.1896,31.0838,31.2342,30.6823,31.4562,31.5066,31.0223,31.1611,31.1336,31.5881,31.1100,31.0743,31.4422,31.2039,30.8876,30.9627,31.1344,31.3193,30.6511,30.8892,31.1196,30.9923,30.4962,30.8691,31.0883,30.9901,31.0350,30.7621,31.1132,31.4192,31.1491,31.0861,31.1021,31.1089,31.0065,31.1375,30.8899,31.2146,31.3650,30.9964,31.2405,31.1073,31.4391,31.0772,31.3624,31.5623,31.0355,30.9614,30.7040,31.1453,31.2017,30.8770,31.0538,31.2629,30.2879,30.2838,30.7571,31.1395,30.8673,31.1597,31.1661,31.1879,30.9830,31.0754,31.0036,31.3741,31.1632,31.1191,31.2500,31.1421,31.1700,31.1489,31.4375,31.3413,31.2445,31.0526,31.4036,31.3365,31.1933,31.1125,31.1201,31.2498,30.9645,30.6270,31.5108,31.1450,30.8235,31.0469,31.2883,31.3357,31.0490,31.3052,30.9494,31.5976,31.3206,31.2423,30.7764,31.4511,31.1723,31.2720,31.0356,31.3150,30.9704,31.2826,31.1935,31.0523,30.8646,31.2069,31.3565,31.4096,30.6714,31.0809,31.0618,31.5122,31.1870,30.6021,31.4512,31.1820,30.3209,30.5287,31.0845,31.0067,30.7722,30.8460,31.1347,31.4676,31.0447,30.9893,31.4470,31.4731,31.0895,31.2098,31.5099,31.1673,31.5396,31.1558,31.5033,31.5576,31.2686,31.0819,31.1249,31.5967,31.0882,31.1335,31.3856,31.1223,31.2326,30.6376,31.5865,31.6399,
22:6:18:5:20:25:811,0.3000,19.0000,33.0000,A,28.1710,95.0221,27.8800,99701,136.0914,0,0.0000,0.0000,0.0000,0.0000,0.0000,0.0000,0,0.0000,0.0000,0.0000,0.0000,0.0000,0.0000,0,0,0,0,0,0,0,0.00,0.00,0.00,0,
22:6:18:5:20:25:927,0.1000,163.0000,33.0000,A,28.1782,95.0074,27.8800,99700,136.1757,0,0.0000,0.0000,0.0000,0.0000,0.0000,0.0000,0,0.0000,0.0000,0.0000,0.0000,0.0000,0.0000,0,0,0,0,0,0,0,0.00,0.00,0.00,0,
22:6:18:5:20:26:35,0.1000,163.0000,33.0000,A,28.1876,95.0150,27.8800,99701,136.0914,0,0.0000,0.0000,0.0000,0.0000,0.0000,0.0000,0,0.0000,0.0000,0.0000,0.0000,0.0000,0.0000,0,0,0,0,0,0,0,0.00,0.00,0.00,0,
22:6:18:5:20:26:151,0.2000,64.0000,33.0000,A,28.1883,95.0244,27.8800,99700,136.1757,0,0.0000,0.0000,0.0000,0.0000,0.0000,0.0000,0,0.0000,0.0000,0.0000,0.0000,0.0000,0.0000,0,0,0,0,0,0,0,0.00,0.00,0.00,0,
22:6:18:5:20:26:255,0.2000,64.0000,33.0000,A,28.2000,95.0367,27.8900,99701,136.0914,0,0.0000,0.0000,0.0000,0.0000,0.0000,0.0000,0,0.0000,0.0000,0.0000,0.0000,0.0000,0.0000,0,0,0,0,0,0,0,0.00,0.00,0.00,0,
22:6:18:5:20:26:375,0.2000,248.0000,33.1000,A,28.1918,95.0334,27.8900,99704,135.8383,0,0.0000,0.0000,0.0000,0.0000,0.0000,0.0000,0,0.0000,0.0000,0.0000,0.0000,0.0000,0.0000,0,0,0,0,0,0,0,0.00,0.00,0.00,0,
22:6:18:5:20:26:479,0.2000,248.0000,33.1000,A,28.2017,95.0507,27.8900,99701,136.0914,0,0.0000,0.0000,0.0000,0.0000,0.0000,0.0000,0,0.0000,0.0000,0.0000,0.0000,0.0000,0.0000,0,0,0,0,0,0,0,0.00,0.00,0.00,0,
22:6:18:5:20:26:599,0.5000,198.0000,33.2000,A,28.1952,95.0517,27.8900,99702,136.0070,0,0.0000,0.0000,0.0000,0.0000,0.0000,0.0000,0,0.0000,0.0000,0.0000,0.0000,0.0000,0.0000,0,0,0,0,0,0,0,0.00,0.00,0.00,0,
22:6:18:5:20:26:703,0.5000,198.0000,33.2000,A,28.2061,95.0583,27.8900,99698,136.3445,0,0.0000,0.0000,0.0000,0.0000,0.0000,0.0000,0,0.0000,0.0000,0.0000,0.0000,0.0000,0.0000,0,0,0,0,0,0,0,0.00,0.00,0.00,0,31.0688,30.9978,30.8206,30.8858,30.8113,31.2774,30.6893,30.9974,30.9470,31.4045,31.0907,31.2210,31.0142,31.1198,30.9559,30.9871,30.7824,30.4129,29.4041,29.2232,29.2196,29.3935,29.0817,29.4936,29.7020,29.5165,29.3925,29.8517,30.3779,30.3742,30.5501,30.1972,30.7173,30.4506,31.0462,31.4457,31.3588,30.8017,31.4902,30.6878,31.0850,31.1273,31.4523,31.0700,31.3107,30.8702,31.3341,31.2064,31.0764,30.3149,29.6255,29.4664,29.3827,29.1548,29.4899,29.3876,29.6608,29.2509,29.8473,29.7488,30.2840,30.2997,31.0043,30.7676,30.8976,31.0905,30.8787,31.1334,30.6866,31.1059,30.9325,31.3994,30.6117,31.2431,31.2517,31.2059,31.1711,30.9477,31.0284,31.0086,31.3341,30.9958,29.5086,29.5167,29.1751,29.1607,29.2302,29.2347,29.4288,29.6510,29.5408,29.9849,30.6501,30.8285,30.6288,30.7620,30.5850,31.0087,31.1019,31.2238,31.2116,30.6441,31.1451,31.0881,31.1013,30.9744,31.1014,31.2456,30.9573,30.8551,31.5439,31.3778,31.2963,30.9032,30.0560,29.7549,29.5089,28.9370,29.2653,29.4886,29.7497,29.5689,29.5586,29.8512,30.7785,30.5437,30.8459,30.3917,31.1571,30.9536,30.9664,31.0134,30.9571,31.3569,30.9869,31.1172,30.6724,31.4610,30.9702,31.6479,31.2251,31.1995,31.0746,31.2330,31.0633,31.0305,30.4394,30.2895,29.3035,29.1174,29.3561,29.1959,29.5543,29.3842,29.4879,29.8871,30.7286,30.3594,31.1675,31.2832,31.1011,30.8852,31.0057,30.9084,31.1076,30.9103,30.8339,31.1746,31.1573,30.8831,31.3297,31.2129,31.3657,30.9752,31.4321,30.9675,31.0452,30.6399,30.8251,30.5277,29.8011,29.2506,29.4058,29.2810,29.1866,29.3313,30.0578,30.3148,31.2470,30.4753,30.9460,30.7256,30.8585,31.0341,30.8424,31.3306,30.8494,31.3693,31.4218,31.0003,31.2486,31.1807,31.0639,31.3297,31.0185,31.0943,31.1635,31.0227,31.1283,31.4611,31.0198,31.3711,30.3837,30.0740,29.5120,29.7028,29.3393,29.6930,29.9629,30.3692,30.9813,31.0321,30.8421,31.1727,30.6398,30.7998,30.9018,31.4290,31.0005,30.9685,31.4892,31.4301,31.2358,31.1265,31.4524,31.4105,31.0213,30.8930,31.2196,31.2473,31.4484,30.9349,31.3892,31.4275,31.0302,30.5041,30.0629,29.7671,29.6754,29.8301,30.5320,30.6260,31.3317,30.5785,31.2382,31.2546,30.5936,30.7867,31.1524,31.4127,30.9183,30.9803,31.0266,31.2736,31.0481,31.0295,31.3207,31.3130,31.1276,31.0424,30.9707,31.4126,31.2192,31.0695,31.0237,31.2988,30.9938,30.9507,30.9320,31.2823,30.6747,30.8395,30.9940,31.0496,31.3167,31.1546,30.9688,30.8776,30.7777,30.9779,31.2096,30.9690,31.2891,30.9669,31.2612,31.0278,31.3819,30.8248,31.2472,31.0815,31.3021,30.8604,31.3506,31.1615,31.5414,31.1815,31.2441,31.2189,31.3129,31.0770,31.3024,31.0296,31.3393,31.1046,31.2170,31.3039,30.9296,30.7269,31.3906,30.9562,31.1366,31.1550,30.7557,31.1968,31.0695,30.9826,30.9977,31.2715,31.1891,31.4227,31.0128,31.4686,30.9348,31.5160,31.1010,31.2734,31.0489,31.5340,31.1289,31.4588,30.8247,31.3201,30.9371,31.4285,30.9671,31.3131,30.7705,31.3171,30.9018,31.2807,30.7514,31.0446,31.1565,30.7860,31.2380,30.9574,31.1032,31.1477,31.2362,30.8929,31.0643,30.9352,31.0976,31.3923,31.2808,31.3260,31.3187,31.3465,31.3696,31.1783,31.5002,31.2189,31.4552,31.1165,31.3191,31.1928,31.1471,31.1038,31.3264,31.2323,31.4295,30.6868,31.1825,30.9564,31.0083,31.1421,31.1472,31.3622,30.7889,31.2840,31.0160,31.2475,31.0498,31.1328,31.0394,31.4562,30.9478,31.1767,31.0941,31.4015,31.0623,31.4814,31.2884,31.1549,30.9870,31.4349,31.0832,31.2935,30.9764,31.1370,31.1375,31.5123,31.0479,31.2434,30.9316,31.0233,31.2260,30.6069,31.0662,31.1460,31.1789,30.9405,31.4474,31.2031,31.2525,31.1249,31.2841,31.3998,31.4539,31.0143,31.4741,31.1942,31.2409,31.1483,31.2122,31.5427,31.4846,30.9237,31.3170,31.2161,31.6246,31.2587,31.2278,30.9146,31.2558,31.0235,31.1888,31.1472,30.6267,31.3277,30.9821,31.1927,31.1411,31.2829,31.1858,31.2608,31.1039,31.1529,31.3447,31.2320,31.1191,31.1966,31.1056,31.4049,30.9347,31.4906,31.1682,31.4661,31.0106,31.2704,30.9689,31.4581,31.0160,31.5207,31.1741,31.5226,30.9187,30.9070,30.7557,31.4554,30.8888,30.9935,31.2822,31.0071,31.3727,30.9780,31.6342,31.4150,31.3127,30.8285,31.4564,31.5144,31.4829,30.8925,31.3677,31.3701,31.3133,31.1907,31.1076,31.0839,31.2119,31.0907,31.2440,31.3918,31.5419,31.1645,31.4385,31.1234,31.1225,30.8728,31.2426,31.3883,30.8632,31.1968,30.8761,31.2826,31.0307,31.1948,30.9316,31.6415,31.1169,31.3625,31.1167,31.5364,31.2972,31.5475,31.3137,31.3381,31.3236,31.1404,31.2232,31.3498,31.2066,31.3540,30.8544,31.3400,31.2107,31.0665,30.9021,31.5902,31.1763,30.9730,31.2264,31.0958,30.9480,31.0727,31.1823,31.0912,31.4645,30.8797,31.2236,31.4281,31.3548,31.0606,31.2486,31.3505,31.2446,30.7994,31.5734,31.4382,31.6850,31.2898,31.7886,31.1300,31.4257,31.1847,31.2989,31.1220,31.2261,30.7365,31.3415,31.0148,31.3877,30.7872,31.3155,30.8481,31.0306,31.2886,31.1694,31.3383,31.1297,31.3278,31.0140,31.4144,31.0490,31.0991,31.1687,31.4542,31.1036,31.1383,31.2969,31.5570,31.2318,31.1716,31.1357,31.6446,31.4801,31.2566,31.1060,31.2983,31.1445,31.2996,31.4783,31.5301,30.9043,31.4602,31.3341,31.2162,30.6915,30.7795,31.1349,31.3496,31.5838,31.0152,31.3415,31.2368,31.6208,31.5856,31.3118,31.4194,31.0421,31.0056,31.5781,31.3637,31.6107,31.3291,31.5720,31.1188,31.3934,30.7710,31.5651,31.2175,31.1787,31.3143,31.4345,30.9696,31.5200,31.0914,31.4451,31.4183,30.7206,31.1973,31.2984,31.6965,30.8695,31.2481,30.9520,31.5410,30.9963,31.3750,31.2818,31.3965,31.3379,31.4187,31.2293,31.4977,31.2177,31.1186,31.2550,31.5565,31.2888,31.1997,31.3768,31.6843,31.2215,31.2616,31.4560,31.8246,30.8333,31.1971,30.6448,31.1728,31.0562,30.7114,31.0797,31.5436,31.1724,30.8077,31.2892,31.5503,31.2747,31.0888,31.6232,31.5531,31.2868,31.4512,31.5347,31.4785,31.6182,31.0021,31.5606,31.5177,31.3686,31.0660,31.5271,31.5214,31.4893,31.1257,31.4297,31.2627,30.8968,31.0324,31.4246,30.9405,30.6152,30.9529,31.0927,31.6611,31.2564,31.6187,31.3363,31.5378,31.5103,31.5393,31.3155,31.7469,31.3549,31.3942,31.3892,31.6025,30.9848,31.5708,31.7136,31.5137,31.0498,31.5004,31.1921,31.3522,31.0469,31.7546,31.2677,31.6354,31.2005,31.1373,31.2447,31.5322,30.6738,30.7598,31.2113,31.2238,31.0935,31.0506,31.4473,31.4803,31.5221,31.1775,31.5715,31.4860,31.5537,31.0552,31.9723,31.5130,31.3286,31.3346,31.6274,31.4010,31.5639,31.0947,31.4281,31.7890,31.3949,30.9609,31.5110,31.1343,31.1571,30.8558,31.9326,31.1991,
22:6:18:5:20:26:883,0.3000,225.0000,33.3000,A,28.1698,95.0383,27.8800,99699,136.2601,0,0.0000,0.0000,0.0000,0.0000,0.0000,0.0000,0,0.0000,0.0000,0.0000,0.0000,0.0000,0.0000,0,0,0,0,0,0,0,0.00,0.00,0.00,0,
22:6:18:5:20:26:992,0.3000,225.0000,33.3000,A,28.1889,95.0563,27.8800,99700,136.1757,0,0.0000,0.0000,0.0000,0.0000,0.0000,0.0000,0,0.0000,0.0000,0.0000,0.0000,0.0000,0.0000,0,0,0,0,0,0,0,0.00,0.00,0.00,0,
22:6:18:5:20:27:108,0.1000,222.0000,33.3000,A,28.1921,95.0660,27.8900,99704,135.8383,0,0.0000,0.0000,0.0000,0.0000,0.0000,0.0000,0,0.0000,0.0000,0.0000,0.0000,0.0000,0.0000,0,0,0,0,0,0,0,0.00,0.00,0.00,0,
22:6:18:5:20:27:216,0.1000,222.0000,33.3000,A,28.1986,95.0445,27.8900,99699,136.2601,0,0.0000,0.0000,0.0000,0.0000,0.0000,0.0000,0,0.0000,0.0000,0.0000,0.0000,0.0000,0.0000,0,0,0,0,0,0,0,0.00,0.00,0.00,0,
22:6:18:5:20:27:333,0.1000,67.0000,33.3000,A,28.1967,95.0594,27.8900,99701,136.0914,0,0.0000,0.0000,0.0000,0.0000,0.0000,0.0000,0,0.0000,0.0000,0.0000,0.0000,0.0000,0.0000,0,0,0,0,0,0,0,0.00,0.00,0.00,0,
22:6:18:5:20:27:437,0.1000,67.0000,33.3000,A,28.2082,95.0776,27.8900,99702,136.0070,0,0.0000,0.0000,0.0000,0.0000,0.0000,0.0000,0,0.0000,0.0000,0.0000,0.0000,0.0000,0.0000,0,0,0,0,0,0,0,0.00,0.00,0.00,0,
22:6:18:5:20:27:557,0.2000,102.0000,33.3000,A,28.2009,95.0556,27.8900,99700,136.1757,0,0.0000,0.0000,0.0000,0.0000,0.0000,0.0000,0,0.0000,0.0000,0.0000,0.0000,0.0000,0.0000,0,0,0,0,0,0,0,0.00,0.00,0.00,0,
22:6:18:5:20:27:661,0.2000,102.0000,33.3000,A,28.2084,95.0528,27.8900,99700,136.1757,0,0.0000,0.0000,0.0000,0.0000,0.0000,0.0000,0,0.0000,0.0000,0.0000,0.0000,0.0000,0.0000,0,0,0,0,0,0,0,0.00,0.00,0.00,0,
22:6:18:5:20:27:781,0.3000,27.0000,33.2000,A,28.2057,95.0533,27.8900,99698,136.3445,0,0.0000,0.0000,0.0000,0.0000,0.0000,0.0000,0,0.0000,0.0000,0.0000,0.0000,0.0000,0.0000,0,0,0,0,0,0,0,0.00,0.00,0.00,0,30.9565,30.5462,30.7249,31.1329,30.9431,30.6819,30.8206,31.2169,31.2656,31.2420,31.4059,31.6089,31.1453,31.1433,31.0858,31.1884,31.0893,30.2583,29.7204,29.7992,29.3524,29.4169,29.2146,29.5165,29.6384,29.1302,29.5259,29.8742,30.7316,30.1710,30.4446,30.9494,30.4996,30.8143,31.2900,31.3586,30.9803,31.1355,31.1251,31.2058,31.2923,31.0764,31.4752,31.0220,30.9836,31.1779,31.5296,31.1635,31.1000,30.6210,29.4680,29.5995,29.2246,29.1081,29.6993,29.7136,29.6843,29.3863,29.6614,29.6721,30.0899,30.8763,31.0265,30.6668,31.0310,31.1137,30.7969,30.9490,31.2084,31.1293,31.4381,31.0557,31.2702,31.2666,31.2087,31.2292,31.1355,30.9712,30.8218,31.1997,31.2969,30.5156,29.6403,29.7121,29.3076,29.1842,29.5427,29.2578,29.7457,29.4843,29.6744,29.8066,30.5784,30.6473,30.7625,31.0108,30.8342,31.1415,31.1243,31.3556,31.0434,30.9657,31.1679,31.2194,30.9515,31.1056,31.2941,31.0405,31.1447,30.9862,31.5670,31.3454,31.3201,31.2003,29.9106,29.3779,29.5326,29.2425,29.4654,29.2696,29.5920,29.1413,29.7763,29.5900,30.3959,30.2755,30.8683,30.7519,30.6410,30.7680,31.0979,30.8392,31.0884,31.1975,31.1174,31.1405,31.3109,31.3170,30.7698,31.3376,31.3553,31.0612,31.2046,31.0947,31.0325,31.0541,30.7331,30.1485,29.6021,28.9732,29.1469,29.5679,29.6872,29.4076,29.8098,29.9102,31.0544,30.7806,31.3003,31.3057,30.9114,31.0186,31.0283,31.2345,30.9465,31.4016,31.3784,31.3056,31.0138,31.0142,31.5153,31.5096,31.2308,31.1069,31.1380,31.2588,31.0690,31.0891,31.0100,30.8223,29.6601,29.5499,29.4289,29.2423,29.3840,29.4657,29.5255,30.2664,30.8908,31.1939,30.9685,30.6496,31.1983,30.8563,30.7803,31.5451,31.1594,30.8736,31.3798,31.0238,31.2178,31.2045,31.3544,31.3531,31.3062,30.9621,31.2933,31.5231,31.4142,31.3272,31.1498,31.3944,30.5148,29.9365,29.6444,29.5569,29.4722,29.0247,29.9183,30.2122,30.7428,31.0553,30.9757,31.1952,31.0738,30.9323,31.3039,30.8046,31.2000,31.2706,31.3422,31.2261,31.2594,31.0993,31.3164,31.5416,31.2012,31.1790,31.3984,31.0635,31.3175,31.3793,31.4124,31.4017,30.8976,30.7953,30.0861,29.9005,29.5336,29.6223,30.2049,30.9383,30.9879,30.8992,31.0614,30.7778,30.9278,31.0075,31.0963,31.4359,31.3890,31.1743,31.1574,31.2970,31.1786,31.2153,31.1361,31.3365,31.2578,31.3706,30.9451,31.4360,31.0458,31.0932,31.4689,31.1671,31.1248,31.1282,31.0630,30.9848,31.3018,30.5325,31.1254,31.0728,31.2683,31.1780,31.1013,31.0989,30.8007,31.1111,30.8621,30.9198,30.9736,31.0991,31.4499,31.3224,31.2480,31.1172,31.2704,31.0562,31.3258,31.4462,31.5266,31.2928,31.5651,31.4647,31.7360,31.3505,31.1827,31.2090,31.3255,31.3215,31.3630,30.9102,31.0669,31.2613,31.1327,30.8610,31.2179,30.6985,30.6773,31.1784,31.0725,31.2202,31.2004,31.0063,30.9631,31.4599,31.3193,31.1334,31.1429,31.3358,31.3707,31.3870,31.0797,31.2968,31.1795,31.2533,31.2593,31.1735,31.7234,31.3438,31.0681,31.4518,31.2606,31.4993,31.0713,31.3402,31.2112,31.1245,31.0791,31.0673,30.9836,30.9195,31.2607,30.9089,30.7892,30.9400,30.9310,31.1893,31.0879,31.0671,31.1207,31.2125,31.3045,31.3055,31.6422,31.4777,31.2441,31.4610,31.2188,31.3505,31.1725,31.4043,31.5013,31.1645,31.0091,31.2365,31.5166,31.3653,30.9248,31.3564,30.8201,30.8969,31.3396,30.7766,31.0955,31.0241,31.0933,31.3077,31.3122,30.9448,31.4953,31.1565,31.1701,31.6351,31.2297,31.2005,31.2246,31.4249,31.3425,31.2073,31.4188,31.6394,31.4244,31.1515,31.5306,31.3169,31.1079,31.4835,31.2690,31.8770,31.3543,30.9144,30.8733,31.2396,30.8547,31.5122,31.2715,31.0991,31.2023,31.2383,31.3060,31.1728,31.2761,31.4135,31.4629,31.0644,31.3267,31.1461,31.4973,31.3257,31.2646,31.2801,31.5399,31.5210,31.3554,31.2086,31.1823,31.3484,31.3277,31.5520,31.2508,31.3895,31.2791,30.9821,31.2115,31.0888,30.9585,31.1609,31.4795,31.5759,31.4425,31.4722,31.1530,31.1210,30.9161,31.3335,31.1653,31.2554,31.2499,31.0691,31.2363,31.1240,31.0652,31.0646,31.2990,31.4896,31.1414,31.1419,31.2609,31.4814,31.6367,31.0499,31.4771,31.3750,31.0512,30.9304,31.0822,30.8901,30.9117,30.9372,31.3047,30.9601,31.0565,30.9449,31.3300,31.3842,31.3362,31.1178,31.6340,31.3428,31.2051,31.3269,31.5409,31.6534,31.4876,31.3227,31.4372,31.6727,31.2355,31.3747,31.4275,31.2039,31.5655,31.2974,31.2909,31.2577,30.9698,30.8303,31.6497,31.1332,30.9971,31.0240,31.1953,31.3059,31.5089,31.2183,31.2304,31.3386,31.2480,31.3863,31.4068,31.4021,31.2758,31.5711,31.1393,31.6710,31.6085,31.3189,31.0421,31.3732,31.3380,31.3776,31.4718,31.2011,31.5054,31.0900,31.3835,31.6132,31.3096,30.9963,31.1637,31.5117,31.1718,31.2069,30.8336,31.0403,30.9677,30.8435,31.0795,31.0742,31.0594,31.3528,31.2714,31.1668,30.9612,31.0856,31.7474,31.2624,31.4004,31.2677,31.6568,31.2624,31.2947,31.3174,31.3219,31.2549,31.2495,31.3694,31.3643,31.3229,31.2311,31.2861,31.1426,31.3782,31.1656,31.1137,31.4935,31.1759,31.2623,31.3514,30.9756,31.7731,31.3430,31.2840,31.3002,31.4776,31.2350,31.3153,31.1101,31.4235,31.3629,31.3501,31.5836,31.8284,31.4513,31.1214,31.4039,31.6554,31.2771,31.3230,31.0821,31.5530,31.2229,31.1055,31.2662,31.4442,30.9238,30.9149,31.1570,31.6685,31.0771,31.3253,31.7033,31.2014,31.1600,31.2403,31.6550,31.3913,31.2230,31.4467,31.4425,31.6530,31.3239,31.3078,31.5947,31.5738,31.2571,30.9044,31.2567,31.5170,31.3695,31.2802,31.6334,31.4678,31.3573,31.4155,31.4674,31.1426,31.0677,31.0156,31.2361,31.7195,31.1823,31.2716,31.2601,31.7376,31.1288,31.3986,31.2487,31.4198,31.4697,31.1237,31.6847,31.6820,31.3500,31.1422,31.0584,31.7430,31.4213,31.2231,31.3392,31.5386,31.6958,31.2849,31.4050,31.6622,31.3492,31.4159,30.9910,31.4108,30.6514,30.8477,31.4968,31.2874,30.8348,31.1261,31.1355,31.3351,30.9622,31.3894,31.3155,31.3553,31.3099,31.5844,31.5572,31.6116,31.3164,31.6169,31.5834,31.8134,31.3920,31.3644,31.2093,31.4838,31.1692,31.2613,32.0063,31.5845,31.3044,31.5597,31.8684,31.5117,30.5300,31.1937,30.8088,31.4813,31.3901,31.2603,31.4697,31.3785,31.4675,31.2136,31.2737,31.7700,31.4871,31.4177,31.1826,31.4602,31.2850,31.4285,31.3403,31.5367,31.3533,31.5237,31.5034,31.7346,31.3603,31.4112,31.7848,32.0457,31.1349,30.9551,31.1596,31.5545,30.9191,30.8982,31.0219,30.9521,31.3104,31.1882,31.2821,31.7989,31.3688,31.6636,31.4186,31.6209,31.4069,31.8599,31.4868,31.4814,31.1836,31.4692,31.6498,31.5357,31.4170,31.2300,31.4503,31.5663,31.4176,31.6508,31.5329,31.2714,31.3810,31.1998,31.7344,31.3403,
22:6:18:5:20:27:948,0.3000,27.0000,33.2000,A,28.1801,95.0689,27.8800,99701,136.0914,0,0.0000,0.0000,0.0000,0.0000,0.0000,0.0000,0,0.0000,0.0000,0.0000,0.0000,0.0000,0.0000,0,0,0,0,0,0,0,0.00,0.00,0.00,0,
22:6:18:5:20:28:64,0.3000,157.0000,33.1000,A,28.1889,95.0541,27.8900,99697,136.4288,0,0.0000,0.0000,0.0000,0.0000,0.0000,0.0000,0,0.0000,0.0000,0.0000,0.0000,0.0000,0.0000,0,0,0,0,0,0,0,0.00,0.00,0.00,0,
22:6:18:5:20:28:172,0.3000,157.0000,33.1000,A,28.2001,95.0752,27.8900,99702,136.0070,0,0.0000,0.0000,0.0000,0.0000,0.0000,0.0000,0,0.0000,0.0000,0.0000,0.0000,0.0000,0.0000,0,0,0,0,0,0,0,0.00,0.00,0.00,0,
22:6:18:5:20:28:289,0.1000,192.0000,33.1000,A,28.2017,95.0756,27.8900,99703,135.9227,0,0.0000,0.0000,0.0000,0.0000,0.0000,0.0000,0,0.0000,0.0000,0.0000,0.0000,0.0000,0.0000,0,0,0,0,0,0,0,0.00,0.00,0.00,0,
22:6:18:5:20:28:397,0.1000,192.0000,33.1000,A,28.2057,95.0624,27.9000,99702,136.0070,0,0.0000,0.0000,0.0000,0.0000,0.0000,0.0000,0,0.0000,0.0000,0.0000,0.0000,0.0000,0.0000,0,0,0,0,0,0,0,0.00,0.00,0.00,0,
22:6:18:5:20:28:514,0.5000,154.0000,33.0000,A,28.2036,95.0739,27.8900,99701,136.0914,0,0.0000,0.0000,0.0000,0.0000,0.0000,0.0000,0,0.0000,0.0000,0.0000,0.0000,0.0000,0.0000,0,0,0,0,0,0,0,0.00,0.00,0.00,0,
22:6:18:5:20:28:618,0.5000,154.0000,33.0000,A,28.2129,95.0587,27.9000,99700,136.1757,0,0.0000,0.0000,0.0000,0.0000,0.0000,0.0000,0,0.0000,0.0000,0.0000,0.0000,0.0000,0.0000,0,0,0,0,0,0,0,0.00,0.00,0.00,0,
22:6:18:5:20:28:738,0.3000,92.0000,33.0000,A,28.2091,95.0761,27.9000,99700,136.1757,0,0.0000,0.0000,0.0000,0.0000,0.0000,0.0000,0,0.0000,0.0000,0.0000,0.0000,0.0000,0.0000,0,0,0,0,0,0,0,0.00,0.00,0.00,0,31.2148,30.7947,30.9655,31.5913,31.3671,30.9004,31.2303,31.2284,31.0914,31.2543,31.4196,31.4386,31.1591,30.9773,31.0995,31.5556,30.9274,30.4486,29.9176,29.8104,29.3659,29.4285,29.4191,29.3316,29.6515,29.5504,29.5384,30.3163,30.5243,30.6321,30.4566,30.7143,30.9900,30.8260,31.2995,31.3708,30.9915,30.9464,31.5235,31.2185,31.3044,31.0892,31.8463,31.2143,31.5214,31.1909,31.7134,31.3514,30.7663,30.4597,29.6597,29.6119,29.2366,29.3016,29.7098,29.5343,29.5027,29.5975,29.8798,30.1078,30.3175,31.1070,30.8011,31.6259,31.0436,31.1252,31.2365,31.1674,31.2219,30.9485,31.0762,31.0676,31.1084,31.1044,31.2225,31.4117,31.1495,31.3187,31.0046,31.2118,30.8074,30.8644,29.6538,29.8957,29.4938,29.0219,29.3765,29.4482,29.7591,29.3051,29.4898,30.2189,30.5912,30.8618,30.9984,31.6962,30.8446,30.9357,31.5508,31.3681,31.0550,31.1679,31.5472,31.0519,31.1371,31.1187,31.4752,31.3896,31.3209,31.1636,31.2489,31.3587,31.3331,31.2135,30.0903,29.5610,29.3752,29.4259,29.6532,29.6351,29.4224,29.1532,29.7866,29.8000,30.6099,30.4887,31.3166,30.9852,31.0867,30.9890,31.3133,30.8508,31.2904,30.8431,31.3083,31.1528,31.1561,30.9937,30.9492,31.6837,31.3696,31.3981,31.3799,31.1071,31.3696,31.0669,30.7470,30.1605,29.6159,29.3208,29.1603,29.5792,29.5257,29.4191,29.8229,30.4778,31.2603,30.7915,31.1002,31.3147,30.7091,30.8255,31.2405,30.8584,31.1433,31.0547,31.0421,31.6669,31.3605,31.1939,31.3644,31.5231,31.0849,31.1202,31.3087,30.9524,31.4015,30.9439,31.0219,30.6731,29.6726,29.5626,29.2709,29.4275,29.5697,29.3024,29.9066,30.0957,30.9022,30.8167,30.9784,31.0841,31.4181,31.0696,30.9869,31.1739,31.3514,31.0599,31.3938,31.3758,31.3932,31.2176,31.5289,31.5239,31.3204,31.1313,31.1502,31.2180,30.9603,31.1824,31.3214,31.5655,30.6861,29.7876,29.8262,29.7378,29.4860,29.5557,29.9316,30.4034,31.3115,31.0666,30.9887,31.4109,30.6739,30.9446,31.3145,30.8174,31.0358,31.1128,31.3536,31.2394,31.1122,31.1126,31.4874,31.5552,31.3700,31.1925,31.4105,31.3920,31.1758,31.0799,31.5801,31.2576,31.0667,30.6495,30.0974,29.7458,29.3800,29.6346,30.7405,30.4131,30.9995,31.2828,31.2709,30.9932,31.1420,31.0197,30.9224,31.2638,31.0634,31.0169,31.1714,31.4742,31.3512,31.0663,31.3075,31.3491,31.2721,31.2317,31.2700,31.2954,31.3636,31.1063,31.3259,31.6442,31.1391,31.1410,31.3970,31.4779,30.8204,30.8754,31.1391,31.2610,31.2817,31.1894,30.9161,31.1085,30.8115,31.1235,31.2426,31.2960,31.4938,30.9428,31.2957,31.3357,31.1028,31.1306,31.4384,31.3830,31.1853,31.4597,31.3858,31.4578,31.5782,31.1744,31.4357,31.6710,30.8870,31.3754,31.4954,31.6532,31.2119,31.0865,31.5964,31.2738,31.1444,31.0562,31.2280,31.4943,31.0856,30.9954,31.0859,31.5940,31.2144,31.1902,31.3078,31.4725,31.6499,30.8325,31.0000,31.3486,31.0794,31.2472,31.3972,31.6179,31.4937,31.1139,31.2735,31.4949,31.2778,31.5131,31.2425,31.4638,31.5980,31.3490,31.2537,31.1816,30.8696,30.9562,31.2867,31.2730,30.7981,30.9318,31.6383,31.1028,31.1387,31.1231,31.1066,31.5306,31.1006,31.2359,31.2882,31.3816,31.1651,31.1670,31.5041,31.3381,31.2571,31.6254,31.5353,31.2099,31.3387,31.2616,31.5130,31.3379,31.3451,31.0868,31.3604,31.2085,31.1127,31.0117,31.2155,30.9079,31.1548,30.9835,31.1088,31.3975,31.1070,31.1536,31.1609,31.4461,31.3521,31.1695,31.3411,31.3364,31.3948,31.3644,31.5400,31.4375,31.5066,31.3695,31.2800,31.6519,31.1318,31.3180,31.3864,31.6502,30.9597,31.3344,31.2826,31.3757,31.3676,31.2782,31.2695,31.4428,31.2596,31.1394,31.2817,31.4706,31.2141,30.9203,31.3171,31.1859,31.1312,31.1129,31.6301,31.2335,31.1881,31.3097,31.5090,31.4911,31.4264,31.2933,31.5516,31.5343,31.3680,31.0690,31.3515,31.3613,31.1794,31.0820,31.6013,31.4020,31.4652,31.1694,31.4118,30.9059,31.1693,31.1732,31.1275,31.2278,31.2862,31.1534,31.3307,31.4597,31.2493,31.3466,31.6440,31.7202,31.4146,31.3844,31.2504,31.4407,31.3811,31.3776,31.3129,31.6548,31.0009,31.4589,31.1140,31.6532,31.6507,31.5565,31.4905,31.3862,31.4154,30.9417,31.2883,31.2920,31.1200,31.1394,31.3145,31.1527,31.4074,31.2891,31.6678,31.3971,31.3483,30.8168,31.3357,31.2041,31.2173,31.3400,31.4021,31.6665,31.5002,31.4853,31.7544,31.5338,31.0937,31.2360,31.5991,31.3769,31.2524,30.9798,31.4721,31.2701,31.1568,31.1954,31.4675,31.1440,30.8090,31.0360,31.2084,31.3176,31.3493,31.5698,31.2439,31.5141,31.2618,31.3992,31.5799,31.5723,31.1375,31.4316,31.4578,31.5287,31.4688,31.1770,31.3680,31.3853,31.5066,31.3902,31.1618,31.3750,31.3564,30.9348,31.2223,31.2760,31.1435,31.0075,31.5676,31.3245,30.7792,31.0234,31.2139,31.4211,31.3256,31.0254,31.5892,31.4114,31.2306,31.2060,31.4421,31.1796,31.1270,31.2520,31.3047,31.5833,31.2583,31.5891,31.3578,31.2752,31.1520,31.0177,31.3328,31.1054,31.2613,31.0498,31.3747,31.3349,31.6011,31.1157,31.3474,31.3889,30.9695,30.9266,31.6968,31.1872,31.0991,31.3637,31.5001,31.6175,31.1942,31.4578,31.3137,31.6502,31.2486,31.1746,31.4418,31.7490,31.3767,31.0529,31.2808,31.8403,31.4650,31.2925,31.4173,31.5002,31.4580,31.5039,31.2714,31.7438,31.2356,31.3055,31.4799,31.2475,30.5128,30.9260,31.1656,31.1243,31.0875,30.9844,31.7134,31.5506,31.1711,31.5716,31.3448,31.5646,31.2346,31.4594,31.4531,31.5089,31.3357,31.3203,31.6054,31.5864,31.4287,31.0753,31.4329,31.1965,31.0456,31.6296,31.6433,31.2984,31.3677,31.0485,31.4762,31.3599,31.0792,31.2319,31.4444,31.5362,31.0155,30.9201,31.2730,31.9223,31.4755,31.2441,31.2619,31.4315,31.4830,31.4548,31.5364,31.6938,31.3635,31.4743,31.5640,31.5913,31.4347,31.2351,31.5221,31.7185,31.3668,31.4733,31.4176,31.3013,31.3615,31.4264,31.4242,31.6346,30.2303,31.0652,30.9109,31.1026,31.3845,31.1378,31.4963,31.5216,31.4757,31.4015,31.3253,31.6985,31.1615,31.5966,31.7293,31.4627,31.4904,31.4694,31.5936,31.5004,31.5684,31.2119,31.5596,31.6670,31.5236,31.2730,31.4613,31.4089,31.3141,31.3750,31.2431,31.5217,30.7624,30.9866,31.2392,31.6943,31.2089,31.4628,31.4821,31.7537,31.6557,31.5746,31.2864,31.9547,31.5001,31.0967,31.5346,31.8022,31.6335,31.6063,31.5220,31.7170,31.5366,31.3646,31.6943,31.5657,31.5529,31.6057,31.4137,31.4733,31.5467,30.7595,31.6095,31.7864,30.7014,31.1265,30.8166,31.3722,30.9291,31.1988,31.4767,31.8099,31.0253,31.3252,31.6022,31.6321,31.2469,31.5376,31.3259,31.4928,31.1937,31.3149,31.8277,31.5471,31.7670,31.5829,31.6370,31.3976,31.2453,31.2926,31.5404,31.4775,31.3892,31.4151,32.3986,31.3489,
22:6:18:5:20:28:905,0.3000,92.0000,33.0000,A,28.1839,95.0587,27.8900,99700,136.1757,0,0.0000,0.0000,0.0000,0.0000,0.0000,0.0000,0,0.0000,0.0000,0.0000,0.0000,0.0000,0.0000,0,0,0,0,0,0,0,0.00,0.00,0.00,0,
22:6:18:5:20:29:25,0.3000,157.0000,33.0000,A,28.1897,95.0719,27.8900,99699,136.2601,0,0.0000,0.0000,0.0000,0.0000,0.0000,0.0000,0,0.0000,0.0000,0.0000,0.0000,0.0000,0.0000,0,0,0,0,0,0,0,0.00,0.00,0.00,0,
